2026-07-06 16:48:40,691 INFO o.a.j.u.JMeterUtils: Setting Locale to en_EN
2026-07-06 16:48:40,699 INFO o.a.j.JMeter: Loading user properties from: /opt/homebrew/Cellar/jmeter/5.6.3/libexec/bin/user.properties
2026-07-06 16:48:40,699 INFO o.a.j.JMeter: Loading system properties from: /opt/homebrew/Cellar/jmeter/5.6.3/libexec/bin/system.properties
2026-07-06 16:48:40,699 INFO o.a.j.JMeter: Loading additional properties from: jmeter/google-search-influx.properties
2026-07-06 16:48:40,699 INFO o.a.j.JMeter: Setting JMeter property: run_id=google-search-3min-20260706164835
2026-07-06 16:48:40,701 INFO o.a.j.JMeter: Copyright (c) 1998-2024 The Apache Software Foundation
2026-07-06 16:48:40,701 INFO o.a.j.JMeter: Version 5.6.3
2026-07-06 16:48:40,702 INFO o.a.j.JMeter: java.version=21.0.9
2026-07-06 16:48:40,702 INFO o.a.j.JMeter: java.vm.name=OpenJDK 64-Bit Server VM
2026-07-06 16:48:40,702 INFO o.a.j.JMeter: os.name=Mac OS X
2026-07-06 16:48:40,702 INFO o.a.j.JMeter: os.arch=aarch64
2026-07-06 16:48:40,702 INFO o.a.j.JMeter: os.version=26.5.1
2026-07-06 16:48:40,702 INFO o.a.j.JMeter: file.encoding=UTF-8
2026-07-06 16:48:40,702 INFO o.a.j.JMeter: java.awt.headless=true
2026-07-06 16:48:40,702 INFO o.a.j.JMeter: Max memory     =1073741824
2026-07-06 16:48:40,702 INFO o.a.j.JMeter: Available Processors =14
2026-07-06 16:48:40,706 INFO o.a.j.JMeter: Default Locale=English (EN)
2026-07-06 16:48:40,706 INFO o.a.j.JMeter: JMeter  Locale=English (EN)
2026-07-06 16:48:40,706 INFO o.a.j.JMeter: JMeterHome=/opt/homebrew/Cellar/jmeter/5.6.3/libexec
2026-07-06 16:48:40,706 INFO o.a.j.JMeter: user.dir  =/Users/alina.molot/Documents/Visualisation
2026-07-06 16:48:40,706 INFO o.a.j.JMeter: PWD       =/Users/alina.molot/Documents/Visualisation
2026-07-06 16:48:40,928 INFO o.a.j.JMeter: IP: 192.168.10.107 Name: ALINAMOLOTL.local FullName: 192.168.10.107
2026-07-06 16:48:40,938 INFO o.a.j.s.FileServer: Default base='/Users/alina.molot/Documents/Visualisation'
2026-07-06 16:48:40,940 INFO o.a.j.s.FileServer: Set new base='/Users/alina.molot/Documents/Visualisation/jmeter'
2026-07-06 16:48:41,018 INFO o.a.j.s.SaveService: Testplan (JMX) version: 2.2. Testlog (JTL) version: 2.2
2026-07-06 16:48:41,033 INFO o.a.j.s.SaveService: Using SaveService properties version 5.0
2026-07-06 16:48:41,034 INFO o.a.j.s.SaveService: Using SaveService properties file encoding UTF-8
2026-07-06 16:48:41,035 INFO o.a.j.s.SaveService: Loading file: jmeter/google-search-influx.jmx
2026-07-06 16:48:41,053 INFO o.a.j.p.h.c.CookieManager: Settings: Delete null: true Check: true Allow variable: true Save: false Prefix: COOKIE_
2026-07-06 16:48:41,062 INFO o.a.j.p.h.s.HTTPSamplerBase: Parser for text/html is org.apache.jmeter.protocol.http.parser.LagartoBasedHtmlParser
2026-07-06 16:48:41,062 INFO o.a.j.p.h.s.HTTPSamplerBase: Parser for application/xhtml+xml is org.apache.jmeter.protocol.http.parser.LagartoBasedHtmlParser
2026-07-06 16:48:41,062 INFO o.a.j.p.h.s.HTTPSamplerBase: Parser for application/xml is org.apache.jmeter.protocol.http.parser.LagartoBasedHtmlParser
2026-07-06 16:48:41,062 INFO o.a.j.p.h.s.HTTPSamplerBase: Parser for text/xml is org.apache.jmeter.protocol.http.parser.LagartoBasedHtmlParser
2026-07-06 16:48:41,062 INFO o.a.j.p.h.s.HTTPSamplerBase: Parser for text/vnd.wap.wml is org.apache.jmeter.protocol.http.parser.RegexpHTMLParser
2026-07-06 16:48:41,062 INFO o.a.j.p.h.s.HTTPSamplerBase: Parser for text/css is org.apache.jmeter.protocol.http.parser.CssParser
2026-07-06 16:48:41,073 INFO o.a.j.JMeter: Creating summariser <summary>
2026-07-06 16:48:41,078 INFO o.a.j.e.StandardJMeterEngine: Running the test!
2026-07-06 16:48:41,078 INFO o.a.j.s.SampleEvent: List of sample_variables: []
2026-07-06 16:48:41,078 INFO o.a.j.s.SampleEvent: List of sample_variables: []
2026-07-06 16:48:41,079 INFO o.a.j.e.u.CompoundVariable: Note: Function class names must contain the string: '.functions.'
2026-07-06 16:48:41,079 INFO o.a.j.e.u.CompoundVariable: Note: Function class names must not contain the string: '.gui.'
2026-07-06 16:48:41,095 INFO o.a.j.r.ClassFinder: Will scan jar /opt/homebrew/Cellar/jmeter/5.6.3/libexec/lib/ext/jmeter-plugins-manager-1.10.jar with filter ExtendsClassFilter [parents=[interface org.apache.jmeter.functions.Function], inner=false, contains=null, notContains=null]. Consider exposing JMeter plugins via META-INF/services, and add JMeter-Skip-Class-Scanning=true manifest attribute so JMeter can skip classfile scanning
2026-07-06 16:48:41,123 INFO o.a.j.r.ClassFinder: Will scan jar /opt/homebrew/Cellar/jmeter/5.6.3/libexec/lib/ext/jmeter-plugins-httpraw-0.1.jar with filter ExtendsClassFilter [parents=[interface org.apache.jmeter.functions.Function], inner=false, contains=null, notContains=null]. Consider exposing JMeter plugins via META-INF/services, and add JMeter-Skip-Class-Scanning=true manifest attribute so JMeter can skip classfile scanning
2026-07-06 16:48:41,124 INFO o.a.j.r.ClassFinder: Will scan jar /opt/homebrew/Cellar/jmeter/5.6.3/libexec/lib/ext/jmeter-plugins-casutg-3.1.1.jar with filter ExtendsClassFilter [parents=[interface org.apache.jmeter.functions.Function], inner=false, contains=null, notContains=null]. Consider exposing JMeter plugins via META-INF/services, and add JMeter-Skip-Class-Scanning=true manifest attribute so JMeter can skip classfile scanning
2026-07-06 16:48:41,208 INFO o.a.j.JMeter: Running test (1783345721208)
2026-07-06 16:48:41,216 INFO o.a.j.e.StandardJMeterEngine: Starting ThreadGroup: 1 : Google Search Users
2026-07-06 16:48:41,217 INFO o.a.j.e.StandardJMeterEngine: Starting 2 threads for group Google Search Users.
2026-07-06 16:48:41,217 INFO o.a.j.e.StandardJMeterEngine: Thread will continue on error
2026-07-06 16:48:41,217 INFO o.a.j.t.ThreadGroup: Starting thread group... number=1 threads=2 ramp-up=5 delayedStart=false
2026-07-06 16:48:41,218 INFO o.a.j.t.ThreadGroup: Started thread group number 1
2026-07-06 16:48:41,218 INFO o.a.j.e.StandardJMeterEngine: All thread groups have been started
2026-07-06 16:48:41,219 INFO o.a.j.t.JMeterThread: Thread started: Google Search Users 1-1
2026-07-06 16:48:41,225 INFO o.a.j.p.h.s.HTTPHCAbstractImpl: Local host = ALINAMOLOTL.local
2026-07-06 16:48:41,226 INFO o.a.j.p.h.s.HTTPHC4Impl: HTTP request retry count = 0
2026-07-06 16:48:41,227 INFO o.a.j.s.SampleResult: Note: Sample TimeStamps are START times
2026-07-06 16:48:41,227 INFO o.a.j.s.SampleResult: sampleresult.default.encoding is set to UTF-8
2026-07-06 16:48:41,227 INFO o.a.j.s.SampleResult: sampleresult.useNanoTime=true
2026-07-06 16:48:41,227 INFO o.a.j.s.SampleResult: sampleresult.nanoThreadSleep=5000
2026-07-06 16:48:41,246 INFO o.a.j.p.h.s.h.LazyLayeredConnectionSocketFactory: Setting up HTTPS TrustAll Socket Factory
2026-07-06 16:48:41,248 INFO o.a.j.u.JsseSSLManager: Using default SSL protocol: TLS
2026-07-06 16:48:41,248 INFO o.a.j.u.JsseSSLManager: SSL session context: per-thread
2026-07-06 16:48:41,316 INFO o.a.j.u.SSLManager: JmeterKeyStore Location:  type JKS
2026-07-06 16:48:41,317 INFO o.a.j.u.SSLManager: KeyStore created OK
2026-07-06 16:48:41,317 WARN o.a.j.u.SSLManager: Keystore file not found, loading empty keystore
2026-07-06 16:48:43,161 WARN o.a.j.p.h.s.HTTPSamplerBase: Existing CookieManager HTTP Cookie Manager superseded by HTTP Cookie Manager
2026-07-06 16:48:43,723 INFO o.a.j.t.JMeterThread: Thread started: Google Search Users 1-2
2026-07-06 16:48:44,414 WARN o.a.j.p.h.s.HTTPSamplerBase: Existing CookieManager HTTP Cookie Manager superseded by HTTP Cookie Manager
2026-07-06 16:48:45,315 WARN o.a.j.p.h.s.HTTPSamplerBase: Existing CookieManager HTTP Cookie Manager superseded by HTTP Cookie Manager
2026-07-06 16:48:45,470 WARN o.a.j.p.h.s.HTTPSamplerBase: Existing CookieManager HTTP Cookie Manager superseded by HTTP Cookie Manager
2026-07-06 16:48:46,535 WARN o.a.j.p.h.s.HTTPSamplerBase: Existing CookieManager HTTP Cookie Manager superseded by HTTP Cookie Manager
2026-07-06 16:48:46,804 WARN o.a.j.p.h.s.HTTPSamplerBase: Existing CookieManager HTTP Cookie Manager superseded by HTTP Cookie Manager
2026-07-06 16:48:47,059 WARN o.a.j.p.h.s.HTTPSamplerBase: Existing CookieManager HTTP Cookie Manager superseded by HTTP Cookie Manager
2026-07-06 16:48:47,922 WARN o.a.j.p.h.s.HTTPSamplerBase: Existing CookieManager HTTP Cookie Manager superseded by HTTP Cookie Manager
2026-07-06 16:48:48,333 WARN o.a.j.p.h.s.HTTPSamplerBase: Existing CookieManager HTTP Cookie Manager superseded by HTTP Cookie Manager
2026-07-06 16:48:48,702 WARN o.a.j.p.h.s.HTTPSamplerBase: Existing CookieManager HTTP Cookie Manager superseded by HTTP Cookie Manager
2026-07-06 16:48:49,508 WARN o.a.j.p.h.s.HTTPSamplerBase: Existing CookieManager HTTP Cookie Manager superseded by HTTP Cookie Manager
2026-07-06 16:48:49,816 WARN o.a.j.p.h.s.HTTPSamplerBase: Existing CookieManager HTTP Cookie Manager superseded by HTTP Cookie Manager
2026-07-06 16:48:50,125 WARN o.a.j.p.h.s.HTTPSamplerBase: Existing CookieManager HTTP Cookie Manager superseded by HTTP Cookie Manager
2026-07-06 16:48:50,882 WARN o.a.j.p.h.s.HTTPSamplerBase: Existing CookieManager HTTP Cookie Manager superseded by HTTP Cookie Manager
2026-07-06 16:48:51,382 WARN o.a.j.p.h.s.HTTPSamplerBase: Existing CookieManager HTTP Cookie Manager superseded by HTTP Cookie Manager
2026-07-06 16:48:51,771 WARN o.a.j.p.h.s.HTTPSamplerBase: Existing CookieManager HTTP Cookie Manager superseded by HTTP Cookie Manager
2026-07-06 16:48:52,366 WARN o.a.j.p.h.s.HTTPSamplerBase: Existing CookieManager HTTP Cookie Manager superseded by HTTP Cookie Manager
2026-07-06 16:48:52,662 WARN o.a.j.p.h.s.HTTPSamplerBase: Existing CookieManager HTTP Cookie Manager superseded by HTTP Cookie Manager
2026-07-06 16:48:52,731 WARN o.a.j.p.h.s.HTTPSamplerBase: Existing CookieManager HTTP Cookie Manager superseded by HTTP Cookie Manager
2026-07-06 16:48:53,025 WARN o.a.j.p.h.s.HTTPSamplerBase: Existing CookieManager HTTP Cookie Manager superseded by HTTP Cookie Manager
2026-07-06 16:48:53,900 WARN o.a.j.p.h.s.HTTPSamplerBase: Existing CookieManager HTTP Cookie Manager superseded by HTTP Cookie Manager
2026-07-06 16:48:54,050 WARN o.a.j.p.h.s.HTTPSamplerBase: Existing CookieManager HTTP Cookie Manager superseded by HTTP Cookie Manager
2026-07-06 16:48:54,162 WARN o.a.j.p.h.s.HTTPSamplerBase: Existing CookieManager HTTP Cookie Manager superseded by HTTP Cookie Manager
2026-07-06 16:48:54,364 WARN o.a.j.p.h.s.HTTPSamplerBase: Existing CookieManager HTTP Cookie Manager superseded by HTTP Cookie Manager
2026-07-06 16:48:55,070 WARN o.a.j.p.h.s.HTTPSamplerBase: Existing CookieManager HTTP Cookie Manager superseded by HTTP Cookie Manager
2026-07-06 16:48:55,343 WARN o.a.j.p.h.s.HTTPSamplerBase: Existing CookieManager HTTP Cookie Manager superseded by HTTP Cookie Manager
2026-07-06 16:48:55,722 WARN o.a.j.p.h.s.HTTPSamplerBase: Existing CookieManager HTTP Cookie Manager superseded by HTTP Cookie Manager
2026-07-06 16:48:56,052 WARN o.a.j.p.h.s.HTTPSamplerBase: Existing CookieManager HTTP Cookie Manager superseded by HTTP Cookie Manager
2026-07-06 16:48:56,478 WARN o.a.j.p.h.s.HTTPSamplerBase: Existing CookieManager HTTP Cookie Manager superseded by HTTP Cookie Manager
2026-07-06 16:48:56,718 WARN o.a.j.p.h.s.HTTPSamplerBase: Existing CookieManager HTTP Cookie Manager superseded by HTTP Cookie Manager
2026-07-06 16:48:57,282 WARN o.a.j.p.h.s.HTTPSamplerBase: Existing CookieManager HTTP Cookie Manager superseded by HTTP Cookie Manager
2026-07-06 16:48:57,583 WARN o.a.j.p.h.s.HTTPSamplerBase: Existing CookieManager HTTP Cookie Manager superseded by HTTP Cookie Manager
2026-07-06 16:48:57,738 WARN o.a.j.p.h.s.HTTPSamplerBase: Existing CookieManager HTTP Cookie Manager superseded by HTTP Cookie Manager
2026-07-06 16:48:58,062 WARN o.a.j.p.h.s.HTTPSamplerBase: Existing CookieManager HTTP Cookie Manager superseded by HTTP Cookie Manager
2026-07-06 16:48:58,732 WARN o.a.j.p.h.s.HTTPSamplerBase: Existing CookieManager HTTP Cookie Manager superseded by HTTP Cookie Manager
2026-07-06 16:48:59,044 WARN o.a.j.p.h.s.HTTPSamplerBase: Existing CookieManager HTTP Cookie Manager superseded by HTTP Cookie Manager
2026-07-06 16:48:59,107 WARN o.a.j.p.h.s.HTTPSamplerBase: Existing CookieManager HTTP Cookie Manager superseded by HTTP Cookie Manager
2026-07-06 16:48:59,397 WARN o.a.j.p.h.s.HTTPSamplerBase: Existing CookieManager HTTP Cookie Manager superseded by HTTP Cookie Manager
2026-07-06 16:49:00,161 WARN o.a.j.p.h.s.HTTPSamplerBase: Existing CookieManager HTTP Cookie Manager superseded by HTTP Cookie Manager
2026-07-06 16:49:00,161 INFO o.a.j.r.Summariser: summary +     73 in 00:00:19 =    3.9/s Avg:   463 Min:   166 Max:   858 Err:    48 (65.75%) Active: 2 Started: 2 Finished: 0
2026-07-06 16:49:00,500 WARN o.a.j.p.h.s.HTTPSamplerBase: Existing CookieManager HTTP Cookie Manager superseded by HTTP Cookie Manager
2026-07-06 16:49:00,728 WARN o.a.j.p.h.s.HTTPSamplerBase: Existing CookieManager HTTP Cookie Manager superseded by HTTP Cookie Manager
2026-07-06 16:49:00,993 WARN o.a.j.p.h.s.HTTPSamplerBase: Existing CookieManager HTTP Cookie Manager superseded by HTTP Cookie Manager
2026-07-06 16:49:01,526 WARN o.a.j.p.h.s.HTTPSamplerBase: Existing CookieManager HTTP Cookie Manager superseded by HTTP Cookie Manager
2026-07-06 16:49:01,868 WARN o.a.j.p.h.s.HTTPSamplerBase: Existing CookieManager HTTP Cookie Manager superseded by HTTP Cookie Manager
2026-07-06 16:49:01,970 WARN o.a.j.p.h.s.HTTPSamplerBase: Existing CookieManager HTTP Cookie Manager superseded by HTTP Cookie Manager
2026-07-06 16:49:02,314 WARN o.a.j.p.h.s.HTTPSamplerBase: Existing CookieManager HTTP Cookie Manager superseded by HTTP Cookie Manager
2026-07-06 16:49:02,929 WARN o.a.j.p.h.s.HTTPSamplerBase: Existing CookieManager HTTP Cookie Manager superseded by HTTP Cookie Manager
2026-07-06 16:49:03,237 WARN o.a.j.p.h.s.HTTPSamplerBase: Existing CookieManager HTTP Cookie Manager superseded by HTTP Cookie Manager
2026-07-06 16:49:03,318 WARN o.a.j.p.h.s.HTTPSamplerBase: Existing CookieManager HTTP Cookie Manager superseded by HTTP Cookie Manager
2026-07-06 16:49:03,625 WARN o.a.j.p.h.s.HTTPSamplerBase: Existing CookieManager HTTP Cookie Manager superseded by HTTP Cookie Manager
2026-07-06 16:49:04,273 WARN o.a.j.p.h.s.HTTPSamplerBase: Existing CookieManager HTTP Cookie Manager superseded by HTTP Cookie Manager
2026-07-06 16:49:04,524 WARN o.a.j.p.h.s.HTTPSamplerBase: Existing CookieManager HTTP Cookie Manager superseded by HTTP Cookie Manager
2026-07-06 16:49:04,552 WARN o.a.j.p.h.s.HTTPSamplerBase: Existing CookieManager HTTP Cookie Manager superseded by HTTP Cookie Manager
2026-07-06 16:49:04,792 WARN o.a.j.p.h.s.HTTPSamplerBase: Existing CookieManager HTTP Cookie Manager superseded by HTTP Cookie Manager
2026-07-06 16:49:05,559 WARN o.a.j.p.h.s.HTTPSamplerBase: Existing CookieManager HTTP Cookie Manager superseded by HTTP Cookie Manager
2026-07-06 16:49:05,841 WARN o.a.j.p.h.s.HTTPSamplerBase: Existing CookieManager HTTP Cookie Manager superseded by HTTP Cookie Manager
2026-07-06 16:49:06,013 WARN o.a.j.p.h.s.HTTPSamplerBase: Existing CookieManager HTTP Cookie Manager superseded by HTTP Cookie Manager
2026-07-06 16:49:06,312 WARN o.a.j.p.h.s.HTTPSamplerBase: Existing CookieManager HTTP Cookie Manager superseded by HTTP Cookie Manager
2026-07-06 16:49:06,685 WARN o.a.j.p.h.s.HTTPSamplerBase: Existing CookieManager HTTP Cookie Manager superseded by HTTP Cookie Manager
2026-07-06 16:49:06,955 WARN o.a.j.p.h.s.HTTPSamplerBase: Existing CookieManager HTTP Cookie Manager superseded by HTTP Cookie Manager
2026-07-06 16:49:07,002 WARN o.a.j.p.h.s.HTTPSamplerBase: Existing CookieManager HTTP Cookie Manager superseded by HTTP Cookie Manager
2026-07-06 16:49:07,249 WARN o.a.j.p.h.s.HTTPSamplerBase: Existing CookieManager HTTP Cookie Manager superseded by HTTP Cookie Manager
2026-07-06 16:49:08,019 WARN o.a.j.p.h.s.HTTPSamplerBase: Existing CookieManager HTTP Cookie Manager superseded by HTTP Cookie Manager
2026-07-06 16:49:08,087 WARN o.a.j.p.h.s.HTTPSamplerBase: Existing CookieManager HTTP Cookie Manager superseded by HTTP Cookie Manager
2026-07-06 16:49:08,278 WARN o.a.j.p.h.s.HTTPSamplerBase: Existing CookieManager HTTP Cookie Manager superseded by HTTP Cookie Manager
2026-07-06 16:49:08,340 WARN o.a.j.p.h.s.HTTPSamplerBase: Existing CookieManager HTTP Cookie Manager superseded by HTTP Cookie Manager
2026-07-06 16:49:09,205 WARN o.a.j.p.h.s.HTTPSamplerBase: Existing CookieManager HTTP Cookie Manager superseded by HTTP Cookie Manager
2026-07-06 16:49:09,328 WARN o.a.j.p.h.s.HTTPSamplerBase: Existing CookieManager HTTP Cookie Manager superseded by HTTP Cookie Manager
2026-07-06 16:49:09,461 WARN o.a.j.p.h.s.HTTPSamplerBase: Existing CookieManager HTTP Cookie Manager superseded by HTTP Cookie Manager
2026-07-06 16:49:09,575 WARN o.a.j.p.h.s.HTTPSamplerBase: Existing CookieManager HTTP Cookie Manager superseded by HTTP Cookie Manager
2026-07-06 16:49:10,385 WARN o.a.j.p.h.s.HTTPSamplerBase: Existing CookieManager HTTP Cookie Manager superseded by HTTP Cookie Manager
2026-07-06 16:49:10,609 WARN o.a.j.p.h.s.HTTPSamplerBase: Existing CookieManager HTTP Cookie Manager superseded by HTTP Cookie Manager
2026-07-06 16:49:10,651 WARN o.a.j.p.h.s.HTTPSamplerBase: Existing CookieManager HTTP Cookie Manager superseded by HTTP Cookie Manager
2026-07-06 16:49:10,983 WARN o.a.j.p.h.s.HTTPSamplerBase: Existing CookieManager HTTP Cookie Manager superseded by HTTP Cookie Manager
2026-07-06 16:49:11,668 WARN o.a.j.p.h.s.HTTPSamplerBase: Existing CookieManager HTTP Cookie Manager superseded by HTTP Cookie Manager
2026-07-06 16:49:11,915 WARN o.a.j.p.h.s.HTTPSamplerBase: Existing CookieManager HTTP Cookie Manager superseded by HTTP Cookie Manager
2026-07-06 16:49:11,922 WARN o.a.j.p.h.s.HTTPSamplerBase: Existing CookieManager HTTP Cookie Manager superseded by HTTP Cookie Manager
2026-07-06 16:49:12,169 WARN o.a.j.p.h.s.HTTPSamplerBase: Existing CookieManager HTTP Cookie Manager superseded by HTTP Cookie Manager
2026-07-06 16:49:12,902 WARN o.a.j.p.h.s.HTTPSamplerBase: Existing CookieManager HTTP Cookie Manager superseded by HTTP Cookie Manager
2026-07-06 16:49:13,220 WARN o.a.j.p.h.s.HTTPSamplerBase: Existing CookieManager HTTP Cookie Manager superseded by HTTP Cookie Manager
2026-07-06 16:49:13,450 WARN o.a.j.p.h.s.HTTPSamplerBase: Existing CookieManager HTTP Cookie Manager superseded by HTTP Cookie Manager
2026-07-06 16:49:13,778 WARN o.a.j.p.h.s.HTTPSamplerBase: Existing CookieManager HTTP Cookie Manager superseded by HTTP Cookie Manager
2026-07-06 16:49:14,488 WARN o.a.j.p.h.s.HTTPSamplerBase: Existing CookieManager HTTP Cookie Manager superseded by HTTP Cookie Manager
2026-07-06 16:49:14,695 WARN o.a.j.p.h.s.HTTPSamplerBase: Existing CookieManager HTTP Cookie Manager superseded by HTTP Cookie Manager
2026-07-06 16:49:14,733 WARN o.a.j.p.h.s.HTTPSamplerBase: Existing CookieManager HTTP Cookie Manager superseded by HTTP Cookie Manager
2026-07-06 16:49:14,986 WARN o.a.j.p.h.s.HTTPSamplerBase: Existing CookieManager HTTP Cookie Manager superseded by HTTP Cookie Manager
2026-07-06 16:49:15,537 WARN o.a.j.p.h.s.HTTPSamplerBase: Existing CookieManager HTTP Cookie Manager superseded by HTTP Cookie Manager
2026-07-06 16:49:15,784 WARN o.a.j.p.h.s.HTTPSamplerBase: Existing CookieManager HTTP Cookie Manager superseded by HTTP Cookie Manager
2026-07-06 16:49:16,066 WARN o.a.j.p.h.s.HTTPSamplerBase: Existing CookieManager HTTP Cookie Manager superseded by HTTP Cookie Manager
2026-07-06 16:49:16,338 WARN o.a.j.p.h.s.HTTPSamplerBase: Existing CookieManager HTTP Cookie Manager superseded by HTTP Cookie Manager
2026-07-06 16:49:16,695 WARN o.a.j.p.h.s.HTTPSamplerBase: Existing CookieManager HTTP Cookie Manager superseded by HTTP Cookie Manager
2026-07-06 16:49:16,951 WARN o.a.j.p.h.s.HTTPSamplerBase: Existing CookieManager HTTP Cookie Manager superseded by HTTP Cookie Manager
2026-07-06 16:49:17,071 WARN o.a.j.p.h.s.HTTPSamplerBase: Existing CookieManager HTTP Cookie Manager superseded by HTTP Cookie Manager
2026-07-06 16:49:17,305 WARN o.a.j.p.h.s.HTTPSamplerBase: Existing CookieManager HTTP Cookie Manager superseded by HTTP Cookie Manager
2026-07-06 16:49:17,912 WARN o.a.j.p.h.s.HTTPSamplerBase: Existing CookieManager HTTP Cookie Manager superseded by HTTP Cookie Manager
2026-07-06 16:49:18,162 WARN o.a.j.p.h.s.HTTPSamplerBase: Existing CookieManager HTTP Cookie Manager superseded by HTTP Cookie Manager
2026-07-06 16:49:18,210 WARN o.a.j.p.h.s.HTTPSamplerBase: Existing CookieManager HTTP Cookie Manager superseded by HTTP Cookie Manager
2026-07-06 16:49:18,464 WARN o.a.j.p.h.s.HTTPSamplerBase: Existing CookieManager HTTP Cookie Manager superseded by HTTP Cookie Manager
2026-07-06 16:49:19,120 WARN o.a.j.p.h.s.HTTPSamplerBase: Existing CookieManager HTTP Cookie Manager superseded by HTTP Cookie Manager
2026-07-06 16:49:19,375 WARN o.a.j.p.h.s.HTTPSamplerBase: Existing CookieManager HTTP Cookie Manager superseded by HTTP Cookie Manager
2026-07-06 16:49:19,388 WARN o.a.j.p.h.s.HTTPSamplerBase: Existing CookieManager HTTP Cookie Manager superseded by HTTP Cookie Manager
2026-07-06 16:49:19,645 WARN o.a.j.p.h.s.HTTPSamplerBase: Existing CookieManager HTTP Cookie Manager superseded by HTTP Cookie Manager
2026-07-06 16:49:20,525 WARN o.a.j.p.h.s.HTTPSamplerBase: Existing CookieManager HTTP Cookie Manager superseded by HTTP Cookie Manager
2026-07-06 16:49:20,706 WARN o.a.j.p.h.s.HTTPSamplerBase: Existing CookieManager HTTP Cookie Manager superseded by HTTP Cookie Manager
2026-07-06 16:49:20,769 WARN o.a.j.p.h.s.HTTPSamplerBase: Existing CookieManager HTTP Cookie Manager superseded by HTTP Cookie Manager
2026-07-06 16:49:20,957 WARN o.a.j.p.h.s.HTTPSamplerBase: Existing CookieManager HTTP Cookie Manager superseded by HTTP Cookie Manager
2026-07-06 16:49:21,725 WARN o.a.j.p.h.s.HTTPSamplerBase: Existing CookieManager HTTP Cookie Manager superseded by HTTP Cookie Manager
2026-07-06 16:49:21,972 WARN o.a.j.p.h.s.HTTPSamplerBase: Existing CookieManager HTTP Cookie Manager superseded by HTTP Cookie Manager
2026-07-06 16:49:22,017 WARN o.a.j.p.h.s.HTTPSamplerBase: Existing CookieManager HTTP Cookie Manager superseded by HTTP Cookie Manager
2026-07-06 16:49:22,283 WARN o.a.j.p.h.s.HTTPSamplerBase: Existing CookieManager HTTP Cookie Manager superseded by HTTP Cookie Manager
2026-07-06 16:49:22,863 WARN o.a.j.p.h.s.HTTPSamplerBase: Existing CookieManager HTTP Cookie Manager superseded by HTTP Cookie Manager
2026-07-06 16:49:23,051 WARN o.a.j.p.h.s.HTTPSamplerBase: Existing CookieManager HTTP Cookie Manager superseded by HTTP Cookie Manager
2026-07-06 16:49:23,109 WARN o.a.j.p.h.s.HTTPSamplerBase: Existing CookieManager HTTP Cookie Manager superseded by HTTP Cookie Manager
2026-07-06 16:49:23,300 WARN o.a.j.p.h.s.HTTPSamplerBase: Existing CookieManager HTTP Cookie Manager superseded by HTTP Cookie Manager
2026-07-06 16:49:24,108 WARN o.a.j.p.h.s.HTTPSamplerBase: Existing CookieManager HTTP Cookie Manager superseded by HTTP Cookie Manager
2026-07-06 16:49:24,326 WARN o.a.j.p.h.s.HTTPSamplerBase: Existing CookieManager HTTP Cookie Manager superseded by HTTP Cookie Manager
2026-07-06 16:49:24,412 WARN o.a.j.p.h.s.HTTPSamplerBase: Existing CookieManager HTTP Cookie Manager superseded by HTTP Cookie Manager
2026-07-06 16:49:24,654 WARN o.a.j.p.h.s.HTTPSamplerBase: Existing CookieManager HTTP Cookie Manager superseded by HTTP Cookie Manager
2026-07-06 16:49:25,276 WARN o.a.j.p.h.s.HTTPSamplerBase: Existing CookieManager HTTP Cookie Manager superseded by HTTP Cookie Manager
2026-07-06 16:49:25,501 WARN o.a.j.p.h.s.HTTPSamplerBase: Existing CookieManager HTTP Cookie Manager superseded by HTTP Cookie Manager
2026-07-06 16:49:25,601 WARN o.a.j.p.h.s.HTTPSamplerBase: Existing CookieManager HTTP Cookie Manager superseded by HTTP Cookie Manager
2026-07-06 16:49:25,832 WARN o.a.j.p.h.s.HTTPSamplerBase: Existing CookieManager HTTP Cookie Manager superseded by HTTP Cookie Manager
2026-07-06 16:49:26,354 WARN o.a.j.p.h.s.HTTPSamplerBase: Existing CookieManager HTTP Cookie Manager superseded by HTTP Cookie Manager
2026-07-06 16:49:26,592 WARN o.a.j.p.h.s.HTTPSamplerBase: Existing CookieManager HTTP Cookie Manager superseded by HTTP Cookie Manager
2026-07-06 16:49:26,735 WARN o.a.j.p.h.s.HTTPSamplerBase: Existing CookieManager HTTP Cookie Manager superseded by HTTP Cookie Manager
2026-07-06 16:49:26,988 WARN o.a.j.p.h.s.HTTPSamplerBase: Existing CookieManager HTTP Cookie Manager superseded by HTTP Cookie Manager
2026-07-06 16:49:27,521 WARN o.a.j.p.h.s.HTTPSamplerBase: Existing CookieManager HTTP Cookie Manager superseded by HTTP Cookie Manager
2026-07-06 16:49:27,748 WARN o.a.j.p.h.s.HTTPSamplerBase: Existing CookieManager HTTP Cookie Manager superseded by HTTP Cookie Manager
2026-07-06 16:49:27,758 WARN o.a.j.p.h.s.HTTPSamplerBase: Existing CookieManager HTTP Cookie Manager superseded by HTTP Cookie Manager
2026-07-06 16:49:27,997 WARN o.a.j.p.h.s.HTTPSamplerBase: Existing CookieManager HTTP Cookie Manager superseded by HTTP Cookie Manager
2026-07-06 16:49:28,749 WARN o.a.j.p.h.s.HTTPSamplerBase: Existing CookieManager HTTP Cookie Manager superseded by HTTP Cookie Manager
2026-07-06 16:49:28,849 WARN o.a.j.p.h.s.HTTPSamplerBase: Existing CookieManager HTTP Cookie Manager superseded by HTTP Cookie Manager
2026-07-06 16:49:28,991 WARN o.a.j.p.h.s.HTTPSamplerBase: Existing CookieManager HTTP Cookie Manager superseded by HTTP Cookie Manager
2026-07-06 16:49:29,099 WARN o.a.j.p.h.s.HTTPSamplerBase: Existing CookieManager HTTP Cookie Manager superseded by HTTP Cookie Manager
2026-07-06 16:49:30,180 INFO o.a.j.r.Summariser: summary +    145 in 00:00:30 =    4.8/s Avg:   407 Min:   212 Max:   652 Err:    97 (66.90%) Active: 2 Started: 2 Finished: 0
2026-07-06 16:49:30,180 INFO o.a.j.r.Summariser: summary =    218 in 00:00:49 =    4.5/s Avg:   426 Min:   166 Max:   858 Err:   145 (66.51%)
2026-07-06 16:49:30,181 WARN o.a.j.p.h.s.HTTPSamplerBase: Existing CookieManager HTTP Cookie Manager superseded by HTTP Cookie Manager
2026-07-06 16:49:30,220 WARN o.a.j.p.h.s.HTTPSamplerBase: Existing CookieManager HTTP Cookie Manager superseded by HTTP Cookie Manager
2026-07-06 16:49:30,444 WARN o.a.j.p.h.s.HTTPSamplerBase: Existing CookieManager HTTP Cookie Manager superseded by HTTP Cookie Manager
2026-07-06 16:49:30,474 WARN o.a.j.p.h.s.HTTPSamplerBase: Existing CookieManager HTTP Cookie Manager superseded by HTTP Cookie Manager
2026-07-06 16:49:31,371 WARN o.a.j.p.h.s.HTTPSamplerBase: Existing CookieManager HTTP Cookie Manager superseded by HTTP Cookie Manager
2026-07-06 16:49:31,584 WARN o.a.j.p.h.s.HTTPSamplerBase: Existing CookieManager HTTP Cookie Manager superseded by HTTP Cookie Manager
2026-07-06 16:49:31,614 WARN o.a.j.p.h.s.HTTPSamplerBase: Existing CookieManager HTTP Cookie Manager superseded by HTTP Cookie Manager
2026-07-06 16:49:31,806 WARN o.a.j.p.h.s.HTTPSamplerBase: Existing CookieManager HTTP Cookie Manager superseded by HTTP Cookie Manager
2026-07-06 16:49:32,571 WARN o.a.j.p.h.s.HTTPSamplerBase: Existing CookieManager HTTP Cookie Manager superseded by HTTP Cookie Manager
2026-07-06 16:49:32,763 WARN o.a.j.p.h.s.HTTPSamplerBase: Existing CookieManager HTTP Cookie Manager superseded by HTTP Cookie Manager
2026-07-06 16:49:32,811 WARN o.a.j.p.h.s.HTTPSamplerBase: Existing CookieManager HTTP Cookie Manager superseded by HTTP Cookie Manager
2026-07-06 16:49:33,011 WARN o.a.j.p.h.s.HTTPSamplerBase: Existing CookieManager HTTP Cookie Manager superseded by HTTP Cookie Manager
2026-07-06 16:49:33,658 WARN o.a.j.p.h.s.HTTPSamplerBase: Existing CookieManager HTTP Cookie Manager superseded by HTTP Cookie Manager
2026-07-06 16:49:33,836 WARN o.a.j.p.h.s.HTTPSamplerBase: Existing CookieManager HTTP Cookie Manager superseded by HTTP Cookie Manager
2026-07-06 16:49:33,908 WARN o.a.j.p.h.s.HTTPSamplerBase: Existing CookieManager HTTP Cookie Manager superseded by HTTP Cookie Manager
2026-07-06 16:49:34,084 WARN o.a.j.p.h.s.HTTPSamplerBase: Existing CookieManager HTTP Cookie Manager superseded by HTTP Cookie Manager
2026-07-06 16:49:34,928 WARN o.a.j.p.h.s.HTTPSamplerBase: Existing CookieManager HTTP Cookie Manager superseded by HTTP Cookie Manager
2026-07-06 16:49:35,047 WARN o.a.j.p.h.s.HTTPSamplerBase: Existing CookieManager HTTP Cookie Manager superseded by HTTP Cookie Manager
2026-07-06 16:49:35,188 WARN o.a.j.p.h.s.HTTPSamplerBase: Existing CookieManager HTTP Cookie Manager superseded by HTTP Cookie Manager
2026-07-06 16:49:35,289 WARN o.a.j.p.h.s.HTTPSamplerBase: Existing CookieManager HTTP Cookie Manager superseded by HTTP Cookie Manager
2026-07-06 16:49:36,337 WARN o.a.j.p.h.s.HTTPSamplerBase: Existing CookieManager HTTP Cookie Manager superseded by HTTP Cookie Manager
2026-07-06 16:49:36,475 WARN o.a.j.p.h.s.HTTPSamplerBase: Existing CookieManager HTTP Cookie Manager superseded by HTTP Cookie Manager
2026-07-06 16:49:36,609 WARN o.a.j.p.h.s.HTTPSamplerBase: Existing CookieManager HTTP Cookie Manager superseded by HTTP Cookie Manager
2026-07-06 16:49:36,728 WARN o.a.j.p.h.s.HTTPSamplerBase: Existing CookieManager HTTP Cookie Manager superseded by HTTP Cookie Manager
2026-07-06 16:49:37,429 WARN o.a.j.p.h.s.HTTPSamplerBase: Existing CookieManager HTTP Cookie Manager superseded by HTTP Cookie Manager
2026-07-06 16:49:37,675 WARN o.a.j.p.h.s.HTTPSamplerBase: Existing CookieManager HTTP Cookie Manager superseded by HTTP Cookie Manager
2026-07-06 16:49:37,718 WARN o.a.j.p.h.s.HTTPSamplerBase: Existing CookieManager HTTP Cookie Manager superseded by HTTP Cookie Manager
2026-07-06 16:49:37,963 WARN o.a.j.p.h.s.HTTPSamplerBase: Existing CookieManager HTTP Cookie Manager superseded by HTTP Cookie Manager
2026-07-06 16:49:38,652 WARN o.a.j.p.h.s.HTTPSamplerBase: Existing CookieManager HTTP Cookie Manager superseded by HTTP Cookie Manager
2026-07-06 16:49:38,746 WARN o.a.j.p.h.s.HTTPSamplerBase: Existing CookieManager HTTP Cookie Manager superseded by HTTP Cookie Manager
2026-07-06 16:49:38,891 WARN o.a.j.p.h.s.HTTPSamplerBase: Existing CookieManager HTTP Cookie Manager superseded by HTTP Cookie Manager
2026-07-06 16:49:38,985 WARN o.a.j.p.h.s.HTTPSamplerBase: Existing CookieManager HTTP Cookie Manager superseded by HTTP Cookie Manager
2026-07-06 16:49:39,826 WARN o.a.j.p.h.s.HTTPSamplerBase: Existing CookieManager HTTP Cookie Manager superseded by HTTP Cookie Manager
2026-07-06 16:49:40,070 WARN o.a.j.p.h.s.HTTPSamplerBase: Existing CookieManager HTTP Cookie Manager superseded by HTTP Cookie Manager
2026-07-06 16:49:40,171 WARN o.a.j.p.h.s.HTTPSamplerBase: Existing CookieManager HTTP Cookie Manager superseded by HTTP Cookie Manager
2026-07-06 16:49:40,404 WARN o.a.j.p.h.s.HTTPSamplerBase: Existing CookieManager HTTP Cookie Manager superseded by HTTP Cookie Manager
2026-07-06 16:49:40,804 WARN o.a.j.p.h.s.HTTPSamplerBase: Existing CookieManager HTTP Cookie Manager superseded by HTTP Cookie Manager
2026-07-06 16:49:41,047 WARN o.a.j.p.h.s.HTTPSamplerBase: Existing CookieManager HTTP Cookie Manager superseded by HTTP Cookie Manager
2026-07-06 16:49:41,405 WARN o.a.j.p.h.s.HTTPSamplerBase: Existing CookieManager HTTP Cookie Manager superseded by HTTP Cookie Manager
2026-07-06 16:49:41,514 WARN o.a.j.p.h.s.HTTPSamplerBase: Existing CookieManager HTTP Cookie Manager superseded by HTTP Cookie Manager
2026-07-06 16:49:41,677 WARN o.a.j.p.h.s.HTTPSamplerBase: Existing CookieManager HTTP Cookie Manager superseded by HTTP Cookie Manager
2026-07-06 16:49:41,886 WARN o.a.j.p.h.s.HTTPSamplerBase: Existing CookieManager HTTP Cookie Manager superseded by HTTP Cookie Manager
2026-07-06 16:49:42,124 WARN o.a.j.p.h.s.HTTPSamplerBase: Existing CookieManager HTTP Cookie Manager superseded by HTTP Cookie Manager
2026-07-06 16:49:42,377 WARN o.a.j.p.h.s.HTTPSamplerBase: Existing CookieManager HTTP Cookie Manager superseded by HTTP Cookie Manager
2026-07-06 16:49:42,568 WARN o.a.j.p.h.s.HTTPSamplerBase: Existing CookieManager HTTP Cookie Manager superseded by HTTP Cookie Manager
2026-07-06 16:49:42,804 WARN o.a.j.p.h.s.HTTPSamplerBase: Existing CookieManager HTTP Cookie Manager superseded by HTTP Cookie Manager
2026-07-06 16:49:43,233 WARN o.a.j.p.h.s.HTTPSamplerBase: Existing CookieManager HTTP Cookie Manager superseded by HTTP Cookie Manager
2026-07-06 16:49:43,446 WARN o.a.j.p.h.s.HTTPSamplerBase: Existing CookieManager HTTP Cookie Manager superseded by HTTP Cookie Manager
2026-07-06 16:49:43,539 WARN o.a.j.p.h.s.HTTPSamplerBase: Existing CookieManager HTTP Cookie Manager superseded by HTTP Cookie Manager
2026-07-06 16:49:43,679 WARN o.a.j.p.h.s.HTTPSamplerBase: Existing CookieManager HTTP Cookie Manager superseded by HTTP Cookie Manager
2026-07-06 16:49:44,214 WARN o.a.j.p.h.s.HTTPSamplerBase: Existing CookieManager HTTP Cookie Manager superseded by HTTP Cookie Manager
2026-07-06 16:49:44,348 WARN o.a.j.p.h.s.HTTPSamplerBase: Existing CookieManager HTTP Cookie Manager superseded by HTTP Cookie Manager
2026-07-06 16:49:44,708 WARN o.a.j.p.h.s.HTTPSamplerBase: Existing CookieManager HTTP Cookie Manager superseded by HTTP Cookie Manager
2026-07-06 16:49:44,969 WARN o.a.j.p.h.s.HTTPSamplerBase: Existing CookieManager HTTP Cookie Manager superseded by HTTP Cookie Manager
2026-07-06 16:49:45,069 WARN o.a.j.p.h.s.HTTPSamplerBase: Existing CookieManager HTTP Cookie Manager superseded by HTTP Cookie Manager
2026-07-06 16:49:45,142 WARN o.a.j.p.h.s.HTTPSamplerBase: Existing CookieManager HTTP Cookie Manager superseded by HTTP Cookie Manager
2026-07-06 16:49:45,550 WARN o.a.j.p.h.s.HTTPSamplerBase: Existing CookieManager HTTP Cookie Manager superseded by HTTP Cookie Manager
2026-07-06 16:49:45,758 WARN o.a.j.p.h.s.HTTPSamplerBase: Existing CookieManager HTTP Cookie Manager superseded by HTTP Cookie Manager
2026-07-06 16:49:46,134 WARN o.a.j.p.h.s.HTTPSamplerBase: Existing CookieManager HTTP Cookie Manager superseded by HTTP Cookie Manager
2026-07-06 16:49:46,296 WARN o.a.j.p.h.s.HTTPSamplerBase: Existing CookieManager HTTP Cookie Manager superseded by HTTP Cookie Manager
2026-07-06 16:49:46,590 WARN o.a.j.p.h.s.HTTPSamplerBase: Existing CookieManager HTTP Cookie Manager superseded by HTTP Cookie Manager
2026-07-06 16:49:46,744 WARN o.a.j.p.h.s.HTTPSamplerBase: Existing CookieManager HTTP Cookie Manager superseded by HTTP Cookie Manager
2026-07-06 16:49:47,736 WARN o.a.j.p.h.s.HTTPSamplerBase: Existing CookieManager HTTP Cookie Manager superseded by HTTP Cookie Manager
2026-07-06 16:49:47,759 WARN o.a.j.p.h.s.HTTPSamplerBase: Existing CookieManager HTTP Cookie Manager superseded by HTTP Cookie Manager
2026-07-06 16:49:48,603 WARN o.a.j.p.h.s.HTTPSamplerBase: Existing CookieManager HTTP Cookie Manager superseded by HTTP Cookie Manager
2026-07-06 16:49:48,704 WARN o.a.j.p.h.s.HTTPSamplerBase: Existing CookieManager HTTP Cookie Manager superseded by HTTP Cookie Manager
2026-07-06 16:49:48,962 WARN o.a.j.p.h.s.HTTPSamplerBase: Existing CookieManager HTTP Cookie Manager superseded by HTTP Cookie Manager
2026-07-06 16:49:49,188 WARN o.a.j.p.h.s.HTTPSamplerBase: Existing CookieManager HTTP Cookie Manager superseded by HTTP Cookie Manager
2026-07-06 16:49:49,852 WARN o.a.j.p.h.s.HTTPSamplerBase: Existing CookieManager HTTP Cookie Manager superseded by HTTP Cookie Manager
2026-07-06 16:49:49,887 WARN o.a.j.p.h.s.HTTPSamplerBase: Existing CookieManager HTTP Cookie Manager superseded by HTTP Cookie Manager
2026-07-06 16:49:50,583 WARN o.a.j.p.h.s.HTTPSamplerBase: Existing CookieManager HTTP Cookie Manager superseded by HTTP Cookie Manager
2026-07-06 16:49:50,720 WARN o.a.j.p.h.s.HTTPSamplerBase: Existing CookieManager HTTP Cookie Manager superseded by HTTP Cookie Manager
2026-07-06 16:49:51,010 WARN o.a.j.p.h.s.HTTPSamplerBase: Existing CookieManager HTTP Cookie Manager superseded by HTTP Cookie Manager
2026-07-06 16:49:51,037 WARN o.a.j.p.h.s.HTTPSamplerBase: Existing CookieManager HTTP Cookie Manager superseded by HTTP Cookie Manager
2026-07-06 16:49:51,897 WARN o.a.j.p.h.s.HTTPSamplerBase: Existing CookieManager HTTP Cookie Manager superseded by HTTP Cookie Manager
2026-07-06 16:49:51,955 WARN o.a.j.p.h.s.HTTPSamplerBase: Existing CookieManager HTTP Cookie Manager superseded by HTTP Cookie Manager
2026-07-06 16:49:52,903 WARN o.a.j.p.h.s.HTTPSamplerBase: Existing CookieManager HTTP Cookie Manager superseded by HTTP Cookie Manager
2026-07-06 16:49:52,954 WARN o.a.j.p.h.s.HTTPSamplerBase: Existing CookieManager HTTP Cookie Manager superseded by HTTP Cookie Manager
2026-07-06 16:49:53,387 WARN o.a.j.p.h.s.HTTPSamplerBase: Existing CookieManager HTTP Cookie Manager superseded by HTTP Cookie Manager
2026-07-06 16:49:53,759 WARN o.a.j.p.h.s.HTTPSamplerBase: Existing CookieManager HTTP Cookie Manager superseded by HTTP Cookie Manager
2026-07-06 16:49:54,041 WARN o.a.j.p.h.s.HTTPSamplerBase: Existing CookieManager HTTP Cookie Manager superseded by HTTP Cookie Manager
2026-07-06 16:49:54,583 WARN o.a.j.p.h.s.HTTPSamplerBase: Existing CookieManager HTTP Cookie Manager superseded by HTTP Cookie Manager
2026-07-06 16:49:54,879 WARN o.a.j.p.h.s.HTTPSamplerBase: Existing CookieManager HTTP Cookie Manager superseded by HTTP Cookie Manager
2026-07-06 16:49:55,253 WARN o.a.j.p.h.s.HTTPSamplerBase: Existing CookieManager HTTP Cookie Manager superseded by HTTP Cookie Manager
2026-07-06 16:49:55,288 WARN o.a.j.p.h.s.HTTPSamplerBase: Existing CookieManager HTTP Cookie Manager superseded by HTTP Cookie Manager
2026-07-06 16:49:55,815 WARN o.a.j.p.h.s.HTTPSamplerBase: Existing CookieManager HTTP Cookie Manager superseded by HTTP Cookie Manager
2026-07-06 16:49:55,815 WARN o.a.j.p.h.s.HTTPSamplerBase: Existing CookieManager HTTP Cookie Manager superseded by HTTP Cookie Manager
2026-07-06 16:49:56,409 WARN o.a.j.p.h.s.HTTPSamplerBase: Existing CookieManager HTTP Cookie Manager superseded by HTTP Cookie Manager
2026-07-06 16:49:56,430 WARN o.a.j.p.h.s.HTTPSamplerBase: Existing CookieManager HTTP Cookie Manager superseded by HTTP Cookie Manager
2026-07-06 16:49:56,770 WARN o.a.j.p.h.s.HTTPSamplerBase: Existing CookieManager HTTP Cookie Manager superseded by HTTP Cookie Manager
2026-07-06 16:49:56,990 WARN o.a.j.p.h.s.HTTPSamplerBase: Existing CookieManager HTTP Cookie Manager superseded by HTTP Cookie Manager
2026-07-06 16:49:57,382 WARN o.a.j.p.h.s.HTTPSamplerBase: Existing CookieManager HTTP Cookie Manager superseded by HTTP Cookie Manager
2026-07-06 16:49:57,417 WARN o.a.j.p.h.s.HTTPSamplerBase: Existing CookieManager HTTP Cookie Manager superseded by HTTP Cookie Manager
2026-07-06 16:49:57,795 WARN o.a.j.p.h.s.HTTPSamplerBase: Existing CookieManager HTTP Cookie Manager superseded by HTTP Cookie Manager
2026-07-06 16:49:57,851 WARN o.a.j.p.h.s.HTTPSamplerBase: Existing CookieManager HTTP Cookie Manager superseded by HTTP Cookie Manager
2026-07-06 16:49:58,058 WARN o.a.j.p.h.s.HTTPSamplerBase: Existing CookieManager HTTP Cookie Manager superseded by HTTP Cookie Manager
2026-07-06 16:49:58,255 WARN o.a.j.p.h.s.HTTPSamplerBase: Existing CookieManager HTTP Cookie Manager superseded by HTTP Cookie Manager
2026-07-06 16:49:58,463 WARN o.a.j.p.h.s.HTTPSamplerBase: Existing CookieManager HTTP Cookie Manager superseded by HTTP Cookie Manager
2026-07-06 16:49:58,935 WARN o.a.j.p.h.s.HTTPSamplerBase: Existing CookieManager HTTP Cookie Manager superseded by HTTP Cookie Manager
2026-07-06 16:49:58,962 WARN o.a.j.p.h.s.HTTPSamplerBase: Existing CookieManager HTTP Cookie Manager superseded by HTTP Cookie Manager
2026-07-06 16:49:59,245 WARN o.a.j.p.h.s.HTTPSamplerBase: Existing CookieManager HTTP Cookie Manager superseded by HTTP Cookie Manager
2026-07-06 16:49:59,587 WARN o.a.j.p.h.s.HTTPSamplerBase: Existing CookieManager HTTP Cookie Manager superseded by HTTP Cookie Manager
2026-07-06 16:49:59,798 WARN o.a.j.p.h.s.HTTPSamplerBase: Existing CookieManager HTTP Cookie Manager superseded by HTTP Cookie Manager
2026-07-06 16:50:00,519 INFO o.a.j.r.Summariser: summary +    123 in 00:00:30 =    4.1/s Avg:   483 Min:   127 Max:  1140 Err:    79 (64.23%) Active: 2 Started: 2 Finished: 0
2026-07-06 16:50:00,519 INFO o.a.j.r.Summariser: summary =    341 in 00:01:19 =    4.3/s Avg:   446 Min:   127 Max:  1140 Err:   224 (65.69%)
2026-07-06 16:50:00,520 WARN o.a.j.p.h.s.HTTPSamplerBase: Existing CookieManager HTTP Cookie Manager superseded by HTTP Cookie Manager
2026-07-06 16:50:00,549 WARN o.a.j.p.h.s.HTTPSamplerBase: Existing CookieManager HTTP Cookie Manager superseded by HTTP Cookie Manager
2026-07-06 16:50:00,807 WARN o.a.j.p.h.s.HTTPSamplerBase: Existing CookieManager HTTP Cookie Manager superseded by HTTP Cookie Manager
2026-07-06 16:50:01,026 WARN o.a.j.p.h.s.HTTPSamplerBase: Existing CookieManager HTTP Cookie Manager superseded by HTTP Cookie Manager
2026-07-06 16:50:01,526 WARN o.a.j.p.h.s.HTTPSamplerBase: Existing CookieManager HTTP Cookie Manager superseded by HTTP Cookie Manager
2026-07-06 16:50:01,802 WARN o.a.j.p.h.s.HTTPSamplerBase: Existing CookieManager HTTP Cookie Manager superseded by HTTP Cookie Manager
2026-07-06 16:50:02,163 WARN o.a.j.p.h.s.HTTPSamplerBase: Existing CookieManager HTTP Cookie Manager superseded by HTTP Cookie Manager
2026-07-06 16:50:02,541 WARN o.a.j.p.h.s.HTTPSamplerBase: Existing CookieManager HTTP Cookie Manager superseded by HTTP Cookie Manager
2026-07-06 16:50:02,569 WARN o.a.j.p.h.s.HTTPSamplerBase: Existing CookieManager HTTP Cookie Manager superseded by HTTP Cookie Manager
2026-07-06 16:50:03,033 WARN o.a.j.p.h.s.HTTPSamplerBase: Existing CookieManager HTTP Cookie Manager superseded by HTTP Cookie Manager
2026-07-06 16:50:03,087 WARN o.a.j.p.h.s.HTTPSamplerBase: Existing CookieManager HTTP Cookie Manager superseded by HTTP Cookie Manager
2026-07-06 16:50:03,608 WARN o.a.j.p.h.s.HTTPSamplerBase: Existing CookieManager HTTP Cookie Manager superseded by HTTP Cookie Manager
2026-07-06 16:50:03,643 WARN o.a.j.p.h.s.HTTPSamplerBase: Existing CookieManager HTTP Cookie Manager superseded by HTTP Cookie Manager
2026-07-06 16:50:03,908 WARN o.a.j.p.h.s.HTTPSamplerBase: Existing CookieManager HTTP Cookie Manager superseded by HTTP Cookie Manager
2026-07-06 16:50:04,312 WARN o.a.j.p.h.s.HTTPSamplerBase: Existing CookieManager HTTP Cookie Manager superseded by HTTP Cookie Manager
2026-07-06 16:50:04,699 WARN o.a.j.p.h.s.HTTPSamplerBase: Existing CookieManager HTTP Cookie Manager superseded by HTTP Cookie Manager
2026-07-06 16:50:04,701 WARN o.a.j.p.h.s.HTTPSamplerBase: Existing CookieManager HTTP Cookie Manager superseded by HTTP Cookie Manager
2026-07-06 16:50:05,284 WARN o.a.j.p.h.s.HTTPSamplerBase: Existing CookieManager HTTP Cookie Manager superseded by HTTP Cookie Manager
2026-07-06 16:50:05,434 WARN o.a.j.p.h.s.HTTPSamplerBase: Existing CookieManager HTTP Cookie Manager superseded by HTTP Cookie Manager
2026-07-06 16:50:05,606 WARN o.a.j.p.h.s.HTTPSamplerBase: Existing CookieManager HTTP Cookie Manager superseded by HTTP Cookie Manager
2026-07-06 16:50:06,000 WARN o.a.j.p.h.s.HTTPSamplerBase: Existing CookieManager HTTP Cookie Manager superseded by HTTP Cookie Manager
2026-07-06 16:50:06,226 WARN o.a.j.p.h.s.HTTPSamplerBase: Existing CookieManager HTTP Cookie Manager superseded by HTTP Cookie Manager
2026-07-06 16:50:06,462 WARN o.a.j.p.h.s.HTTPSamplerBase: Existing CookieManager HTTP Cookie Manager superseded by HTTP Cookie Manager
2026-07-06 16:50:06,729 WARN o.a.j.p.h.s.HTTPSamplerBase: Existing CookieManager HTTP Cookie Manager superseded by HTTP Cookie Manager
2026-07-06 16:50:06,959 WARN o.a.j.p.h.s.HTTPSamplerBase: Existing CookieManager HTTP Cookie Manager superseded by HTTP Cookie Manager
2026-07-06 16:50:07,085 WARN o.a.j.p.h.s.HTTPSamplerBase: Existing CookieManager HTTP Cookie Manager superseded by HTTP Cookie Manager
2026-07-06 16:50:07,621 WARN o.a.j.p.h.s.HTTPSamplerBase: Existing CookieManager HTTP Cookie Manager superseded by HTTP Cookie Manager
2026-07-06 16:50:07,849 WARN o.a.j.p.h.s.HTTPSamplerBase: Existing CookieManager HTTP Cookie Manager superseded by HTTP Cookie Manager
2026-07-06 16:50:08,137 WARN o.a.j.p.h.s.HTTPSamplerBase: Existing CookieManager HTTP Cookie Manager superseded by HTTP Cookie Manager
2026-07-06 16:50:08,449 WARN o.a.j.p.h.s.HTTPSamplerBase: Existing CookieManager HTTP Cookie Manager superseded by HTTP Cookie Manager
2026-07-06 16:50:08,896 WARN o.a.j.p.h.s.HTTPSamplerBase: Existing CookieManager HTTP Cookie Manager superseded by HTTP Cookie Manager
2026-07-06 16:50:08,900 WARN o.a.j.p.h.s.HTTPSamplerBase: Existing CookieManager HTTP Cookie Manager superseded by HTTP Cookie Manager
2026-07-06 16:50:09,535 WARN o.a.j.p.h.s.HTTPSamplerBase: Existing CookieManager HTTP Cookie Manager superseded by HTTP Cookie Manager
2026-07-06 16:50:09,688 WARN o.a.j.p.h.s.HTTPSamplerBase: Existing CookieManager HTTP Cookie Manager superseded by HTTP Cookie Manager
2026-07-06 16:50:10,218 WARN o.a.j.p.h.s.HTTPSamplerBase: Existing CookieManager HTTP Cookie Manager superseded by HTTP Cookie Manager
2026-07-06 16:50:10,219 WARN o.a.j.p.h.s.HTTPSamplerBase: Existing CookieManager HTTP Cookie Manager superseded by HTTP Cookie Manager
2026-07-06 16:50:10,466 WARN o.a.j.p.h.s.HTTPSamplerBase: Existing CookieManager HTTP Cookie Manager superseded by HTTP Cookie Manager
2026-07-06 16:50:11,024 WARN o.a.j.p.h.s.HTTPSamplerBase: Existing CookieManager HTTP Cookie Manager superseded by HTTP Cookie Manager
2026-07-06 16:50:11,262 WARN o.a.j.p.h.s.HTTPSamplerBase: Existing CookieManager HTTP Cookie Manager superseded by HTTP Cookie Manager
2026-07-06 16:50:11,775 WARN o.a.j.p.h.s.HTTPSamplerBase: Existing CookieManager HTTP Cookie Manager superseded by HTTP Cookie Manager
2026-07-06 16:50:12,090 WARN o.a.j.p.h.s.HTTPSamplerBase: Existing CookieManager HTTP Cookie Manager superseded by HTTP Cookie Manager
2026-07-06 16:50:12,258 WARN o.a.j.p.h.s.HTTPSamplerBase: Existing CookieManager HTTP Cookie Manager superseded by HTTP Cookie Manager
2026-07-06 16:50:12,602 WARN o.a.j.p.h.s.HTTPSamplerBase: Existing CookieManager HTTP Cookie Manager superseded by HTTP Cookie Manager
2026-07-06 16:50:13,034 WARN o.a.j.p.h.s.HTTPSamplerBase: Existing CookieManager HTTP Cookie Manager superseded by HTTP Cookie Manager
2026-07-06 16:50:13,459 WARN o.a.j.p.h.s.HTTPSamplerBase: Existing CookieManager HTTP Cookie Manager superseded by HTTP Cookie Manager
2026-07-06 16:50:13,942 WARN o.a.j.p.h.s.HTTPSamplerBase: Existing CookieManager HTTP Cookie Manager superseded by HTTP Cookie Manager
2026-07-06 16:50:14,388 WARN o.a.j.p.h.s.HTTPSamplerBase: Existing CookieManager HTTP Cookie Manager superseded by HTTP Cookie Manager
2026-07-06 16:50:14,402 WARN o.a.j.p.h.s.HTTPSamplerBase: Existing CookieManager HTTP Cookie Manager superseded by HTTP Cookie Manager
2026-07-06 16:50:14,622 WARN o.a.j.p.h.s.HTTPSamplerBase: Existing CookieManager HTTP Cookie Manager superseded by HTTP Cookie Manager
2026-07-06 16:50:14,861 WARN o.a.j.p.h.s.HTTPSamplerBase: Existing CookieManager HTTP Cookie Manager superseded by HTTP Cookie Manager
2026-07-06 16:50:14,991 WARN o.a.j.p.h.s.HTTPSamplerBase: Existing CookieManager HTTP Cookie Manager superseded by HTTP Cookie Manager
2026-07-06 16:50:15,378 WARN o.a.j.p.h.s.HTTPSamplerBase: Existing CookieManager HTTP Cookie Manager superseded by HTTP Cookie Manager
2026-07-06 16:50:15,454 WARN o.a.j.p.h.s.HTTPSamplerBase: Existing CookieManager HTTP Cookie Manager superseded by HTTP Cookie Manager
2026-07-06 16:50:15,633 WARN o.a.j.p.h.s.HTTPSamplerBase: Existing CookieManager HTTP Cookie Manager superseded by HTTP Cookie Manager
2026-07-06 16:50:15,756 WARN o.a.j.p.h.s.HTTPSamplerBase: Existing CookieManager HTTP Cookie Manager superseded by HTTP Cookie Manager
2026-07-06 16:50:16,046 WARN o.a.j.p.h.s.HTTPSamplerBase: Existing CookieManager HTTP Cookie Manager superseded by HTTP Cookie Manager
2026-07-06 16:50:16,087 WARN o.a.j.p.h.s.HTTPSamplerBase: Existing CookieManager HTTP Cookie Manager superseded by HTTP Cookie Manager
2026-07-06 16:50:16,548 WARN o.a.j.p.h.s.HTTPSamplerBase: Existing CookieManager HTTP Cookie Manager superseded by HTTP Cookie Manager
2026-07-06 16:50:16,620 WARN o.a.j.p.h.s.HTTPSamplerBase: Existing CookieManager HTTP Cookie Manager superseded by HTTP Cookie Manager
2026-07-06 16:50:16,842 WARN o.a.j.p.h.s.HTTPSamplerBase: Existing CookieManager HTTP Cookie Manager superseded by HTTP Cookie Manager
2026-07-06 16:50:16,855 WARN o.a.j.p.h.s.HTTPSamplerBase: Existing CookieManager HTTP Cookie Manager superseded by HTTP Cookie Manager
2026-07-06 16:50:17,187 WARN o.a.j.p.h.s.HTTPSamplerBase: Existing CookieManager HTTP Cookie Manager superseded by HTTP Cookie Manager
2026-07-06 16:50:17,273 WARN o.a.j.p.h.s.HTTPSamplerBase: Existing CookieManager HTTP Cookie Manager superseded by HTTP Cookie Manager
2026-07-06 16:50:17,651 WARN o.a.j.p.h.s.HTTPSamplerBase: Existing CookieManager HTTP Cookie Manager superseded by HTTP Cookie Manager
2026-07-06 16:50:17,762 WARN o.a.j.p.h.s.HTTPSamplerBase: Existing CookieManager HTTP Cookie Manager superseded by HTTP Cookie Manager
2026-07-06 16:50:17,938 WARN o.a.j.p.h.s.HTTPSamplerBase: Existing CookieManager HTTP Cookie Manager superseded by HTTP Cookie Manager
2026-07-06 16:50:18,010 WARN o.a.j.p.h.s.HTTPSamplerBase: Existing CookieManager HTTP Cookie Manager superseded by HTTP Cookie Manager
2026-07-06 16:50:18,539 WARN o.a.j.p.h.s.HTTPSamplerBase: Existing CookieManager HTTP Cookie Manager superseded by HTTP Cookie Manager
2026-07-06 16:50:18,574 WARN o.a.j.p.h.s.HTTPSamplerBase: Existing CookieManager HTTP Cookie Manager superseded by HTTP Cookie Manager
2026-07-06 16:50:19,085 WARN o.a.j.p.h.s.HTTPSamplerBase: Existing CookieManager HTTP Cookie Manager superseded by HTTP Cookie Manager
2026-07-06 16:50:19,134 WARN o.a.j.p.h.s.HTTPSamplerBase: Existing CookieManager HTTP Cookie Manager superseded by HTTP Cookie Manager
2026-07-06 16:50:19,313 WARN o.a.j.p.h.s.HTTPSamplerBase: Existing CookieManager HTTP Cookie Manager superseded by HTTP Cookie Manager
2026-07-06 16:50:19,427 WARN o.a.j.p.h.s.HTTPSamplerBase: Existing CookieManager HTTP Cookie Manager superseded by HTTP Cookie Manager
2026-07-06 16:50:19,875 WARN o.a.j.p.h.s.HTTPSamplerBase: Existing CookieManager HTTP Cookie Manager superseded by HTTP Cookie Manager
2026-07-06 16:50:19,888 WARN o.a.j.p.h.s.HTTPSamplerBase: Existing CookieManager HTTP Cookie Manager superseded by HTTP Cookie Manager
2026-07-06 16:50:20,316 WARN o.a.j.p.h.s.HTTPSamplerBase: Existing CookieManager HTTP Cookie Manager superseded by HTTP Cookie Manager
2026-07-06 16:50:20,333 WARN o.a.j.p.h.s.HTTPSamplerBase: Existing CookieManager HTTP Cookie Manager superseded by HTTP Cookie Manager
2026-07-06 16:50:20,544 WARN o.a.j.p.h.s.HTTPSamplerBase: Existing CookieManager HTTP Cookie Manager superseded by HTTP Cookie Manager
2026-07-06 16:50:20,647 WARN o.a.j.p.h.s.HTTPSamplerBase: Existing CookieManager HTTP Cookie Manager superseded by HTTP Cookie Manager
2026-07-06 16:50:20,916 WARN o.a.j.p.h.s.HTTPSamplerBase: Existing CookieManager HTTP Cookie Manager superseded by HTTP Cookie Manager
2026-07-06 16:50:21,155 WARN o.a.j.p.h.s.HTTPSamplerBase: Existing CookieManager HTTP Cookie Manager superseded by HTTP Cookie Manager
2026-07-06 16:50:21,267 WARN o.a.j.p.h.s.HTTPSamplerBase: Existing CookieManager HTTP Cookie Manager superseded by HTTP Cookie Manager
2026-07-06 16:50:21,509 WARN o.a.j.p.h.s.HTTPSamplerBase: Existing CookieManager HTTP Cookie Manager superseded by HTTP Cookie Manager
2026-07-06 16:50:21,674 WARN o.a.j.p.h.s.HTTPSamplerBase: Existing CookieManager HTTP Cookie Manager superseded by HTTP Cookie Manager
2026-07-06 16:50:21,907 WARN o.a.j.p.h.s.HTTPSamplerBase: Existing CookieManager HTTP Cookie Manager superseded by HTTP Cookie Manager
2026-07-06 16:50:21,976 WARN o.a.j.p.h.s.HTTPSamplerBase: Existing CookieManager HTTP Cookie Manager superseded by HTTP Cookie Manager
2026-07-06 16:50:22,474 WARN o.a.j.p.h.s.HTTPSamplerBase: Existing CookieManager HTTP Cookie Manager superseded by HTTP Cookie Manager
2026-07-06 16:50:22,495 WARN o.a.j.p.h.s.HTTPSamplerBase: Existing CookieManager HTTP Cookie Manager superseded by HTTP Cookie Manager
2026-07-06 16:50:22,723 WARN o.a.j.p.h.s.HTTPSamplerBase: Existing CookieManager HTTP Cookie Manager superseded by HTTP Cookie Manager
2026-07-06 16:50:23,058 WARN o.a.j.p.h.s.HTTPSamplerBase: Existing CookieManager HTTP Cookie Manager superseded by HTTP Cookie Manager
2026-07-06 16:50:23,116 WARN o.a.j.p.h.s.HTTPSamplerBase: Existing CookieManager HTTP Cookie Manager superseded by HTTP Cookie Manager
2026-07-06 16:50:23,343 WARN o.a.j.p.h.s.HTTPSamplerBase: Existing CookieManager HTTP Cookie Manager superseded by HTTP Cookie Manager
2026-07-06 16:50:23,740 WARN o.a.j.p.h.s.HTTPSamplerBase: Existing CookieManager HTTP Cookie Manager superseded by HTTP Cookie Manager
2026-07-06 16:50:23,866 WARN o.a.j.p.h.s.HTTPSamplerBase: Existing CookieManager HTTP Cookie Manager superseded by HTTP Cookie Manager
2026-07-06 16:50:23,971 WARN o.a.j.p.h.s.HTTPSamplerBase: Existing CookieManager HTTP Cookie Manager superseded by HTTP Cookie Manager
2026-07-06 16:50:24,358 WARN o.a.j.p.h.s.HTTPSamplerBase: Existing CookieManager HTTP Cookie Manager superseded by HTTP Cookie Manager
2026-07-06 16:50:24,413 WARN o.a.j.p.h.s.HTTPSamplerBase: Existing CookieManager HTTP Cookie Manager superseded by HTTP Cookie Manager
2026-07-06 16:50:24,716 WARN o.a.j.p.h.s.HTTPSamplerBase: Existing CookieManager HTTP Cookie Manager superseded by HTTP Cookie Manager
2026-07-06 16:50:24,820 WARN o.a.j.p.h.s.HTTPSamplerBase: Existing CookieManager HTTP Cookie Manager superseded by HTTP Cookie Manager
2026-07-06 16:50:25,076 WARN o.a.j.p.h.s.HTTPSamplerBase: Existing CookieManager HTTP Cookie Manager superseded by HTTP Cookie Manager
2026-07-06 16:50:25,216 WARN o.a.j.p.h.s.HTTPSamplerBase: Existing CookieManager HTTP Cookie Manager superseded by HTTP Cookie Manager
2026-07-06 16:50:25,411 WARN o.a.j.p.h.s.HTTPSamplerBase: Existing CookieManager HTTP Cookie Manager superseded by HTTP Cookie Manager
2026-07-06 16:50:25,775 WARN o.a.j.p.h.s.HTTPSamplerBase: Existing CookieManager HTTP Cookie Manager superseded by HTTP Cookie Manager
2026-07-06 16:50:25,812 WARN o.a.j.p.h.s.HTTPSamplerBase: Existing CookieManager HTTP Cookie Manager superseded by HTTP Cookie Manager
2026-07-06 16:50:25,997 WARN o.a.j.p.h.s.HTTPSamplerBase: Existing CookieManager HTTP Cookie Manager superseded by HTTP Cookie Manager
2026-07-06 16:50:26,106 WARN o.a.j.p.h.s.HTTPSamplerBase: Existing CookieManager HTTP Cookie Manager superseded by HTTP Cookie Manager
2026-07-06 16:50:26,370 WARN o.a.j.p.h.s.HTTPSamplerBase: Existing CookieManager HTTP Cookie Manager superseded by HTTP Cookie Manager
2026-07-06 16:50:26,569 WARN o.a.j.p.h.s.HTTPSamplerBase: Existing CookieManager HTTP Cookie Manager superseded by HTTP Cookie Manager
2026-07-06 16:50:26,846 WARN o.a.j.p.h.s.HTTPSamplerBase: Existing CookieManager HTTP Cookie Manager superseded by HTTP Cookie Manager
2026-07-06 16:50:27,100 WARN o.a.j.p.h.s.HTTPSamplerBase: Existing CookieManager HTTP Cookie Manager superseded by HTTP Cookie Manager
2026-07-06 16:50:27,126 WARN o.a.j.p.h.s.HTTPSamplerBase: Existing CookieManager HTTP Cookie Manager superseded by HTTP Cookie Manager
2026-07-06 16:50:27,442 WARN o.a.j.p.h.s.HTTPSamplerBase: Existing CookieManager HTTP Cookie Manager superseded by HTTP Cookie Manager
2026-07-06 16:50:27,603 WARN o.a.j.p.h.s.HTTPSamplerBase: Existing CookieManager HTTP Cookie Manager superseded by HTTP Cookie Manager
2026-07-06 16:50:27,945 WARN o.a.j.p.h.s.HTTPSamplerBase: Existing CookieManager HTTP Cookie Manager superseded by HTTP Cookie Manager
2026-07-06 16:50:28,161 WARN o.a.j.p.h.s.HTTPSamplerBase: Existing CookieManager HTTP Cookie Manager superseded by HTTP Cookie Manager
2026-07-06 16:50:28,398 WARN o.a.j.p.h.s.HTTPSamplerBase: Existing CookieManager HTTP Cookie Manager superseded by HTTP Cookie Manager
2026-07-06 16:50:28,520 WARN o.a.j.p.h.s.HTTPSamplerBase: Existing CookieManager HTTP Cookie Manager superseded by HTTP Cookie Manager
2026-07-06 16:50:28,730 WARN o.a.j.p.h.s.HTTPSamplerBase: Existing CookieManager HTTP Cookie Manager superseded by HTTP Cookie Manager
2026-07-06 16:50:28,826 WARN o.a.j.p.h.s.HTTPSamplerBase: Existing CookieManager HTTP Cookie Manager superseded by HTTP Cookie Manager
2026-07-06 16:50:29,210 WARN o.a.j.p.h.s.HTTPSamplerBase: Existing CookieManager HTTP Cookie Manager superseded by HTTP Cookie Manager
2026-07-06 16:50:29,379 WARN o.a.j.p.h.s.HTTPSamplerBase: Existing CookieManager HTTP Cookie Manager superseded by HTTP Cookie Manager
2026-07-06 16:50:29,451 WARN o.a.j.p.h.s.HTTPSamplerBase: Existing CookieManager HTTP Cookie Manager superseded by HTTP Cookie Manager
2026-07-06 16:50:29,760 WARN o.a.j.p.h.s.HTTPSamplerBase: Existing CookieManager HTTP Cookie Manager superseded by HTTP Cookie Manager
2026-07-06 16:50:30,037 INFO o.a.j.r.Summariser: summary +    123 in 00:00:30 =    4.2/s Avg:   477 Min:   217 Max:   955 Err:    81 (65.85%) Active: 2 Started: 2 Finished: 0
2026-07-06 16:50:30,038 INFO o.a.j.r.Summariser: summary =    464 in 00:01:49 =    4.3/s Avg:   454 Min:   127 Max:  1140 Err:   305 (65.73%)
2026-07-06 16:50:30,038 WARN o.a.j.p.h.s.HTTPSamplerBase: Existing CookieManager HTTP Cookie Manager superseded by HTTP Cookie Manager
2026-07-06 16:50:30,041 WARN o.a.j.p.h.s.HTTPSamplerBase: Existing CookieManager HTTP Cookie Manager superseded by HTTP Cookie Manager
2026-07-06 16:50:30,413 WARN o.a.j.p.h.s.HTTPSamplerBase: Existing CookieManager HTTP Cookie Manager superseded by HTTP Cookie Manager
2026-07-06 16:50:30,572 WARN o.a.j.p.h.s.HTTPSamplerBase: Existing CookieManager HTTP Cookie Manager superseded by HTTP Cookie Manager
2026-07-06 16:50:30,809 WARN o.a.j.p.h.s.HTTPSamplerBase: Existing CookieManager HTTP Cookie Manager superseded by HTTP Cookie Manager
2026-07-06 16:50:31,050 WARN o.a.j.p.h.s.HTTPSamplerBase: Existing CookieManager HTTP Cookie Manager superseded by HTTP Cookie Manager
2026-07-06 16:50:31,255 WARN o.a.j.p.h.s.HTTPSamplerBase: Existing CookieManager HTTP Cookie Manager superseded by HTTP Cookie Manager
2026-07-06 16:50:31,339 WARN o.a.j.p.h.s.HTTPSamplerBase: Existing CookieManager HTTP Cookie Manager superseded by HTTP Cookie Manager
2026-07-06 16:50:31,706 WARN o.a.j.p.h.s.HTTPSamplerBase: Existing CookieManager HTTP Cookie Manager superseded by HTTP Cookie Manager
2026-07-06 16:50:31,831 WARN o.a.j.p.h.s.HTTPSamplerBase: Existing CookieManager HTTP Cookie Manager superseded by HTTP Cookie Manager
2026-07-06 16:50:32,067 WARN o.a.j.p.h.s.HTTPSamplerBase: Existing CookieManager HTTP Cookie Manager superseded by HTTP Cookie Manager
2026-07-06 16:50:32,282 WARN o.a.j.p.h.s.HTTPSamplerBase: Existing CookieManager HTTP Cookie Manager superseded by HTTP Cookie Manager
2026-07-06 16:50:32,580 WARN o.a.j.p.h.s.HTTPSamplerBase: Existing CookieManager HTTP Cookie Manager superseded by HTTP Cookie Manager
2026-07-06 16:50:32,624 WARN o.a.j.p.h.s.HTTPSamplerBase: Existing CookieManager HTTP Cookie Manager superseded by HTTP Cookie Manager
2026-07-06 16:50:33,013 WARN o.a.j.p.h.s.HTTPSamplerBase: Existing CookieManager HTTP Cookie Manager superseded by HTTP Cookie Manager
2026-07-06 16:50:33,117 WARN o.a.j.p.h.s.HTTPSamplerBase: Existing CookieManager HTTP Cookie Manager superseded by HTTP Cookie Manager
2026-07-06 16:50:33,250 WARN o.a.j.p.h.s.HTTPSamplerBase: Existing CookieManager HTTP Cookie Manager superseded by HTTP Cookie Manager
2026-07-06 16:50:33,473 WARN o.a.j.p.h.s.HTTPSamplerBase: Existing CookieManager HTTP Cookie Manager superseded by HTTP Cookie Manager
2026-07-06 16:50:33,756 WARN o.a.j.p.h.s.HTTPSamplerBase: Existing CookieManager HTTP Cookie Manager superseded by HTTP Cookie Manager
2026-07-06 16:50:33,790 WARN o.a.j.p.h.s.HTTPSamplerBase: Existing CookieManager HTTP Cookie Manager superseded by HTTP Cookie Manager
2026-07-06 16:50:34,300 WARN o.a.j.p.h.s.HTTPSamplerBase: Existing CookieManager HTTP Cookie Manager superseded by HTTP Cookie Manager
2026-07-06 16:50:34,372 WARN o.a.j.p.h.s.HTTPSamplerBase: Existing CookieManager HTTP Cookie Manager superseded by HTTP Cookie Manager
2026-07-06 16:50:34,620 WARN o.a.j.p.h.s.HTTPSamplerBase: Existing CookieManager HTTP Cookie Manager superseded by HTTP Cookie Manager
2026-07-06 16:50:34,775 WARN o.a.j.p.h.s.HTTPSamplerBase: Existing CookieManager HTTP Cookie Manager superseded by HTTP Cookie Manager
2026-07-06 16:50:35,079 WARN o.a.j.p.h.s.HTTPSamplerBase: Existing CookieManager HTTP Cookie Manager superseded by HTTP Cookie Manager
2026-07-06 16:50:35,175 WARN o.a.j.p.h.s.HTTPSamplerBase: Existing CookieManager HTTP Cookie Manager superseded by HTTP Cookie Manager
2026-07-06 16:50:35,510 WARN o.a.j.p.h.s.HTTPSamplerBase: Existing CookieManager HTTP Cookie Manager superseded by HTTP Cookie Manager
2026-07-06 16:50:35,529 WARN o.a.j.p.h.s.HTTPSamplerBase: Existing CookieManager HTTP Cookie Manager superseded by HTTP Cookie Manager
2026-07-06 16:50:35,754 WARN o.a.j.p.h.s.HTTPSamplerBase: Existing CookieManager HTTP Cookie Manager superseded by HTTP Cookie Manager
2026-07-06 16:50:36,036 WARN o.a.j.p.h.s.HTTPSamplerBase: Existing CookieManager HTTP Cookie Manager superseded by HTTP Cookie Manager
2026-07-06 16:50:36,239 WARN o.a.j.p.h.s.HTTPSamplerBase: Existing CookieManager HTTP Cookie Manager superseded by HTTP Cookie Manager
2026-07-06 16:50:36,360 WARN o.a.j.p.h.s.HTTPSamplerBase: Existing CookieManager HTTP Cookie Manager superseded by HTTP Cookie Manager
2026-07-06 16:50:36,698 WARN o.a.j.p.h.s.HTTPSamplerBase: Existing CookieManager HTTP Cookie Manager superseded by HTTP Cookie Manager
2026-07-06 16:50:36,933 WARN o.a.j.p.h.s.HTTPSamplerBase: Existing CookieManager HTTP Cookie Manager superseded by HTTP Cookie Manager
2026-07-06 16:50:36,960 WARN o.a.j.p.h.s.HTTPSamplerBase: Existing CookieManager HTTP Cookie Manager superseded by HTTP Cookie Manager
2026-07-06 16:50:37,266 WARN o.a.j.p.h.s.HTTPSamplerBase: Existing CookieManager HTTP Cookie Manager superseded by HTTP Cookie Manager
2026-07-06 16:50:37,425 WARN o.a.j.p.h.s.HTTPSamplerBase: Existing CookieManager HTTP Cookie Manager superseded by HTTP Cookie Manager
2026-07-06 16:50:37,724 WARN o.a.j.p.h.s.HTTPSamplerBase: Existing CookieManager HTTP Cookie Manager superseded by HTTP Cookie Manager
2026-07-06 16:50:37,861 WARN o.a.j.p.h.s.HTTPSamplerBase: Existing CookieManager HTTP Cookie Manager superseded by HTTP Cookie Manager
2026-07-06 16:50:38,092 WARN o.a.j.p.h.s.HTTPSamplerBase: Existing CookieManager HTTP Cookie Manager superseded by HTTP Cookie Manager
2026-07-06 16:50:38,284 WARN o.a.j.p.h.s.HTTPSamplerBase: Existing CookieManager HTTP Cookie Manager superseded by HTTP Cookie Manager
2026-07-06 16:50:38,466 WARN o.a.j.p.h.s.HTTPSamplerBase: Existing CookieManager HTTP Cookie Manager superseded by HTTP Cookie Manager
2026-07-06 16:50:38,637 WARN o.a.j.p.h.s.HTTPSamplerBase: Existing CookieManager HTTP Cookie Manager superseded by HTTP Cookie Manager
2026-07-06 16:50:38,826 WARN o.a.j.p.h.s.HTTPSamplerBase: Existing CookieManager HTTP Cookie Manager superseded by HTTP Cookie Manager
2026-07-06 16:50:38,922 WARN o.a.j.p.h.s.HTTPSamplerBase: Existing CookieManager HTTP Cookie Manager superseded by HTTP Cookie Manager
2026-07-06 16:50:39,057 WARN o.a.j.p.h.s.HTTPSamplerBase: Existing CookieManager HTTP Cookie Manager superseded by HTTP Cookie Manager
2026-07-06 16:50:39,322 WARN o.a.j.p.h.s.HTTPSamplerBase: Existing CookieManager HTTP Cookie Manager superseded by HTTP Cookie Manager
2026-07-06 16:50:39,432 WARN o.a.j.p.h.s.HTTPSamplerBase: Existing CookieManager HTTP Cookie Manager superseded by HTTP Cookie Manager
2026-07-06 16:50:39,807 WARN o.a.j.p.h.s.HTTPSamplerBase: Existing CookieManager HTTP Cookie Manager superseded by HTTP Cookie Manager
2026-07-06 16:50:39,818 WARN o.a.j.p.h.s.HTTPSamplerBase: Existing CookieManager HTTP Cookie Manager superseded by HTTP Cookie Manager
2026-07-06 16:50:40,049 WARN o.a.j.p.h.s.HTTPSamplerBase: Existing CookieManager HTTP Cookie Manager superseded by HTTP Cookie Manager
2026-07-06 16:50:40,099 WARN o.a.j.p.h.s.HTTPSamplerBase: Existing CookieManager HTTP Cookie Manager superseded by HTTP Cookie Manager
2026-07-06 16:50:40,544 WARN o.a.j.p.h.s.HTTPSamplerBase: Existing CookieManager HTTP Cookie Manager superseded by HTTP Cookie Manager
2026-07-06 16:50:40,723 WARN o.a.j.p.h.s.HTTPSamplerBase: Existing CookieManager HTTP Cookie Manager superseded by HTTP Cookie Manager
2026-07-06 16:50:40,873 WARN o.a.j.p.h.s.HTTPSamplerBase: Existing CookieManager HTTP Cookie Manager superseded by HTTP Cookie Manager
2026-07-06 16:50:41,107 WARN o.a.j.p.h.s.HTTPSamplerBase: Existing CookieManager HTTP Cookie Manager superseded by HTTP Cookie Manager
2026-07-06 16:50:41,122 WARN o.a.j.p.h.s.HTTPSamplerBase: Existing CookieManager HTTP Cookie Manager superseded by HTTP Cookie Manager
2026-07-06 16:50:41,415 WARN o.a.j.p.h.s.HTTPSamplerBase: Existing CookieManager HTTP Cookie Manager superseded by HTTP Cookie Manager
2026-07-06 16:50:41,774 WARN o.a.j.p.h.s.HTTPSamplerBase: Existing CookieManager HTTP Cookie Manager superseded by HTTP Cookie Manager
2026-07-06 16:50:41,885 WARN o.a.j.p.h.s.HTTPSamplerBase: Existing CookieManager HTTP Cookie Manager superseded by HTTP Cookie Manager
2026-07-06 16:50:42,284 WARN o.a.j.p.h.s.HTTPSamplerBase: Existing CookieManager HTTP Cookie Manager superseded by HTTP Cookie Manager
2026-07-06 16:50:42,378 WARN o.a.j.p.h.s.HTTPSamplerBase: Existing CookieManager HTTP Cookie Manager superseded by HTTP Cookie Manager
2026-07-06 16:50:42,569 WARN o.a.j.p.h.s.HTTPSamplerBase: Existing CookieManager HTTP Cookie Manager superseded by HTTP Cookie Manager
2026-07-06 16:50:42,601 WARN o.a.j.p.h.s.HTTPSamplerBase: Existing CookieManager HTTP Cookie Manager superseded by HTTP Cookie Manager
2026-07-06 16:50:42,939 WARN o.a.j.p.h.s.HTTPSamplerBase: Existing CookieManager HTTP Cookie Manager superseded by HTTP Cookie Manager
2026-07-06 16:50:43,240 WARN o.a.j.p.h.s.HTTPSamplerBase: Existing CookieManager HTTP Cookie Manager superseded by HTTP Cookie Manager
2026-07-06 16:50:43,466 WARN o.a.j.p.h.s.HTTPSamplerBase: Existing CookieManager HTTP Cookie Manager superseded by HTTP Cookie Manager
2026-07-06 16:50:43,621 WARN o.a.j.p.h.s.HTTPSamplerBase: Existing CookieManager HTTP Cookie Manager superseded by HTTP Cookie Manager
2026-07-06 16:50:43,893 WARN o.a.j.p.h.s.HTTPSamplerBase: Existing CookieManager HTTP Cookie Manager superseded by HTTP Cookie Manager
2026-07-06 16:50:43,970 WARN o.a.j.p.h.s.HTTPSamplerBase: Existing CookieManager HTTP Cookie Manager superseded by HTTP Cookie Manager
2026-07-06 16:50:44,215 WARN o.a.j.p.h.s.HTTPSamplerBase: Existing CookieManager HTTP Cookie Manager superseded by HTTP Cookie Manager
2026-07-06 16:50:44,392 WARN o.a.j.p.h.s.HTTPSamplerBase: Existing CookieManager HTTP Cookie Manager superseded by HTTP Cookie Manager
2026-07-06 16:50:44,524 WARN o.a.j.p.h.s.HTTPSamplerBase: Existing CookieManager HTTP Cookie Manager superseded by HTTP Cookie Manager
2026-07-06 16:50:44,753 WARN o.a.j.p.h.s.HTTPSamplerBase: Existing CookieManager HTTP Cookie Manager superseded by HTTP Cookie Manager
2026-07-06 16:50:45,101 WARN o.a.j.p.h.s.HTTPSamplerBase: Existing CookieManager HTTP Cookie Manager superseded by HTTP Cookie Manager
2026-07-06 16:50:45,258 WARN o.a.j.p.h.s.HTTPSamplerBase: Existing CookieManager HTTP Cookie Manager superseded by HTTP Cookie Manager
2026-07-06 16:50:45,443 WARN o.a.j.p.h.s.HTTPSamplerBase: Existing CookieManager HTTP Cookie Manager superseded by HTTP Cookie Manager
2026-07-06 16:50:45,469 WARN o.a.j.p.h.s.HTTPSamplerBase: Existing CookieManager HTTP Cookie Manager superseded by HTTP Cookie Manager
2026-07-06 16:50:45,565 WARN o.a.j.p.h.s.HTTPSamplerBase: Existing CookieManager HTTP Cookie Manager superseded by HTTP Cookie Manager
2026-07-06 16:50:45,848 WARN o.a.j.p.h.s.HTTPSamplerBase: Existing CookieManager HTTP Cookie Manager superseded by HTTP Cookie Manager
2026-07-06 16:50:46,133 WARN o.a.j.p.h.s.HTTPSamplerBase: Existing CookieManager HTTP Cookie Manager superseded by HTTP Cookie Manager
2026-07-06 16:50:46,469 WARN o.a.j.p.h.s.HTTPSamplerBase: Existing CookieManager HTTP Cookie Manager superseded by HTTP Cookie Manager
2026-07-06 16:50:46,519 WARN o.a.j.p.h.s.HTTPSamplerBase: Existing CookieManager HTTP Cookie Manager superseded by HTTP Cookie Manager
2026-07-06 16:50:46,634 WARN o.a.j.p.h.s.HTTPSamplerBase: Existing CookieManager HTTP Cookie Manager superseded by HTTP Cookie Manager
2026-07-06 16:50:46,645 WARN o.a.j.p.h.s.HTTPSamplerBase: Existing CookieManager HTTP Cookie Manager superseded by HTTP Cookie Manager
2026-07-06 16:50:47,049 WARN o.a.j.p.h.s.HTTPSamplerBase: Existing CookieManager HTTP Cookie Manager superseded by HTTP Cookie Manager
2026-07-06 16:50:47,089 WARN o.a.j.p.h.s.HTTPSamplerBase: Existing CookieManager HTTP Cookie Manager superseded by HTTP Cookie Manager
2026-07-06 16:50:47,519 WARN o.a.j.p.h.s.HTTPSamplerBase: Existing CookieManager HTTP Cookie Manager superseded by HTTP Cookie Manager
2026-07-06 16:50:47,556 WARN o.a.j.p.h.s.HTTPSamplerBase: Existing CookieManager HTTP Cookie Manager superseded by HTTP Cookie Manager
2026-07-06 16:50:47,655 WARN o.a.j.p.h.s.HTTPSamplerBase: Existing CookieManager HTTP Cookie Manager superseded by HTTP Cookie Manager
2026-07-06 16:50:47,789 WARN o.a.j.p.h.s.HTTPSamplerBase: Existing CookieManager HTTP Cookie Manager superseded by HTTP Cookie Manager
2026-07-06 16:50:47,999 WARN o.a.j.p.h.s.HTTPSamplerBase: Existing CookieManager HTTP Cookie Manager superseded by HTTP Cookie Manager
2026-07-06 16:50:48,246 WARN o.a.j.p.h.s.HTTPSamplerBase: Existing CookieManager HTTP Cookie Manager superseded by HTTP Cookie Manager
2026-07-06 16:50:48,393 WARN o.a.j.p.h.s.HTTPSamplerBase: Existing CookieManager HTTP Cookie Manager superseded by HTTP Cookie Manager
2026-07-06 16:50:48,501 WARN o.a.j.p.h.s.HTTPSamplerBase: Existing CookieManager HTTP Cookie Manager superseded by HTTP Cookie Manager
2026-07-06 16:50:48,740 WARN o.a.j.p.h.s.HTTPSamplerBase: Existing CookieManager HTTP Cookie Manager superseded by HTTP Cookie Manager
2026-07-06 16:50:48,942 WARN o.a.j.p.h.s.HTTPSamplerBase: Existing CookieManager HTTP Cookie Manager superseded by HTTP Cookie Manager
2026-07-06 16:50:48,987 WARN o.a.j.p.h.s.HTTPSamplerBase: Existing CookieManager HTTP Cookie Manager superseded by HTTP Cookie Manager
2026-07-06 16:50:49,459 WARN o.a.j.p.h.s.HTTPSamplerBase: Existing CookieManager HTTP Cookie Manager superseded by HTTP Cookie Manager
2026-07-06 16:50:49,531 WARN o.a.j.p.h.s.HTTPSamplerBase: Existing CookieManager HTTP Cookie Manager superseded by HTTP Cookie Manager
2026-07-06 16:50:49,657 WARN o.a.j.p.h.s.HTTPSamplerBase: Existing CookieManager HTTP Cookie Manager superseded by HTTP Cookie Manager
2026-07-06 16:50:49,816 WARN o.a.j.p.h.s.HTTPSamplerBase: Existing CookieManager HTTP Cookie Manager superseded by HTTP Cookie Manager
2026-07-06 16:50:50,045 WARN o.a.j.p.h.s.HTTPSamplerBase: Existing CookieManager HTTP Cookie Manager superseded by HTTP Cookie Manager
2026-07-06 16:50:50,231 WARN o.a.j.p.h.s.HTTPSamplerBase: Existing CookieManager HTTP Cookie Manager superseded by HTTP Cookie Manager
2026-07-06 16:50:50,542 WARN o.a.j.p.h.s.HTTPSamplerBase: Existing CookieManager HTTP Cookie Manager superseded by HTTP Cookie Manager
2026-07-06 16:50:50,645 WARN o.a.j.p.h.s.HTTPSamplerBase: Existing CookieManager HTTP Cookie Manager superseded by HTTP Cookie Manager
2026-07-06 16:50:50,890 WARN o.a.j.p.h.s.HTTPSamplerBase: Existing CookieManager HTTP Cookie Manager superseded by HTTP Cookie Manager
2026-07-06 16:50:51,031 WARN o.a.j.p.h.s.HTTPSamplerBase: Existing CookieManager HTTP Cookie Manager superseded by HTTP Cookie Manager
2026-07-06 16:50:51,274 WARN o.a.j.p.h.s.HTTPSamplerBase: Existing CookieManager HTTP Cookie Manager superseded by HTTP Cookie Manager
2026-07-06 16:50:51,381 WARN o.a.j.p.h.s.HTTPSamplerBase: Existing CookieManager HTTP Cookie Manager superseded by HTTP Cookie Manager
2026-07-06 16:50:51,690 WARN o.a.j.p.h.s.HTTPSamplerBase: Existing CookieManager HTTP Cookie Manager superseded by HTTP Cookie Manager
2026-07-06 16:50:51,726 WARN o.a.j.p.h.s.HTTPSamplerBase: Existing CookieManager HTTP Cookie Manager superseded by HTTP Cookie Manager
2026-07-06 16:50:51,937 WARN o.a.j.p.h.s.HTTPSamplerBase: Existing CookieManager HTTP Cookie Manager superseded by HTTP Cookie Manager
2026-07-06 16:50:52,155 WARN o.a.j.p.h.s.HTTPSamplerBase: Existing CookieManager HTTP Cookie Manager superseded by HTTP Cookie Manager
2026-07-06 16:50:52,388 WARN o.a.j.p.h.s.HTTPSamplerBase: Existing CookieManager HTTP Cookie Manager superseded by HTTP Cookie Manager
2026-07-06 16:50:52,469 WARN o.a.j.p.h.s.HTTPSamplerBase: Existing CookieManager HTTP Cookie Manager superseded by HTTP Cookie Manager
2026-07-06 16:50:52,835 WARN o.a.j.p.h.s.HTTPSamplerBase: Existing CookieManager HTTP Cookie Manager superseded by HTTP Cookie Manager
2026-07-06 16:50:52,940 WARN o.a.j.p.h.s.HTTPSamplerBase: Existing CookieManager HTTP Cookie Manager superseded by HTTP Cookie Manager
2026-07-06 16:50:53,203 WARN o.a.j.p.h.s.HTTPSamplerBase: Existing CookieManager HTTP Cookie Manager superseded by HTTP Cookie Manager
2026-07-06 16:50:53,427 WARN o.a.j.p.h.s.HTTPSamplerBase: Existing CookieManager HTTP Cookie Manager superseded by HTTP Cookie Manager
2026-07-06 16:50:53,656 WARN o.a.j.p.h.s.HTTPSamplerBase: Existing CookieManager HTTP Cookie Manager superseded by HTTP Cookie Manager
2026-07-06 16:50:53,660 WARN o.a.j.p.h.s.HTTPSamplerBase: Existing CookieManager HTTP Cookie Manager superseded by HTTP Cookie Manager
2026-07-06 16:50:54,151 WARN o.a.j.p.h.s.HTTPSamplerBase: Existing CookieManager HTTP Cookie Manager superseded by HTTP Cookie Manager
2026-07-06 16:50:54,228 WARN o.a.j.p.h.s.HTTPSamplerBase: Existing CookieManager HTTP Cookie Manager superseded by HTTP Cookie Manager
2026-07-06 16:50:54,465 WARN o.a.j.p.h.s.HTTPSamplerBase: Existing CookieManager HTTP Cookie Manager superseded by HTTP Cookie Manager
2026-07-06 16:50:54,517 WARN o.a.j.p.h.s.HTTPSamplerBase: Existing CookieManager HTTP Cookie Manager superseded by HTTP Cookie Manager
2026-07-06 16:50:54,750 WARN o.a.j.p.h.s.HTTPSamplerBase: Existing CookieManager HTTP Cookie Manager superseded by HTTP Cookie Manager
2026-07-06 16:50:54,829 WARN o.a.j.p.h.s.HTTPSamplerBase: Existing CookieManager HTTP Cookie Manager superseded by HTTP Cookie Manager
2026-07-06 16:50:55,223 WARN o.a.j.p.h.s.HTTPSamplerBase: Existing CookieManager HTTP Cookie Manager superseded by HTTP Cookie Manager
2026-07-06 16:50:55,280 WARN o.a.j.p.h.s.HTTPSamplerBase: Existing CookieManager HTTP Cookie Manager superseded by HTTP Cookie Manager
2026-07-06 16:50:55,491 WARN o.a.j.p.h.s.HTTPSamplerBase: Existing CookieManager HTTP Cookie Manager superseded by HTTP Cookie Manager
2026-07-06 16:50:55,632 WARN o.a.j.p.h.s.HTTPSamplerBase: Existing CookieManager HTTP Cookie Manager superseded by HTTP Cookie Manager
2026-07-06 16:50:55,837 WARN o.a.j.p.h.s.HTTPSamplerBase: Existing CookieManager HTTP Cookie Manager superseded by HTTP Cookie Manager
2026-07-06 16:50:55,857 WARN o.a.j.p.h.s.HTTPSamplerBase: Existing CookieManager HTTP Cookie Manager superseded by HTTP Cookie Manager
2026-07-06 16:50:56,203 WARN o.a.j.p.h.s.HTTPSamplerBase: Existing CookieManager HTTP Cookie Manager superseded by HTTP Cookie Manager
2026-07-06 16:50:56,368 WARN o.a.j.p.h.s.HTTPSamplerBase: Existing CookieManager HTTP Cookie Manager superseded by HTTP Cookie Manager
2026-07-06 16:50:56,464 WARN o.a.j.p.h.s.HTTPSamplerBase: Existing CookieManager HTTP Cookie Manager superseded by HTTP Cookie Manager
2026-07-06 16:50:56,830 WARN o.a.j.p.h.s.HTTPSamplerBase: Existing CookieManager HTTP Cookie Manager superseded by HTTP Cookie Manager
2026-07-06 16:50:56,949 WARN o.a.j.p.h.s.HTTPSamplerBase: Existing CookieManager HTTP Cookie Manager superseded by HTTP Cookie Manager
2026-07-06 16:50:57,045 WARN o.a.j.p.h.s.HTTPSamplerBase: Existing CookieManager HTTP Cookie Manager superseded by HTTP Cookie Manager
2026-07-06 16:50:57,438 WARN o.a.j.p.h.s.HTTPSamplerBase: Existing CookieManager HTTP Cookie Manager superseded by HTTP Cookie Manager
2026-07-06 16:50:57,634 WARN o.a.j.p.h.s.HTTPSamplerBase: Existing CookieManager HTTP Cookie Manager superseded by HTTP Cookie Manager
2026-07-06 16:50:57,674 WARN o.a.j.p.h.s.HTTPSamplerBase: Existing CookieManager HTTP Cookie Manager superseded by HTTP Cookie Manager
2026-07-06 16:50:58,055 WARN o.a.j.p.h.s.HTTPSamplerBase: Existing CookieManager HTTP Cookie Manager superseded by HTTP Cookie Manager
2026-07-06 16:50:58,117 WARN o.a.j.p.h.s.HTTPSamplerBase: Existing CookieManager HTTP Cookie Manager superseded by HTTP Cookie Manager
2026-07-06 16:50:58,353 WARN o.a.j.p.h.s.HTTPSamplerBase: Existing CookieManager HTTP Cookie Manager superseded by HTTP Cookie Manager
2026-07-06 16:50:58,524 WARN o.a.j.p.h.s.HTTPSamplerBase: Existing CookieManager HTTP Cookie Manager superseded by HTTP Cookie Manager
2026-07-06 16:50:58,768 WARN o.a.j.p.h.s.HTTPSamplerBase: Existing CookieManager HTTP Cookie Manager superseded by HTTP Cookie Manager
2026-07-06 16:50:58,903 WARN o.a.j.p.h.s.HTTPSamplerBase: Existing CookieManager HTTP Cookie Manager superseded by HTTP Cookie Manager
2026-07-06 16:50:59,129 WARN o.a.j.p.h.s.HTTPSamplerBase: Existing CookieManager HTTP Cookie Manager superseded by HTTP Cookie Manager
2026-07-06 16:50:59,261 WARN o.a.j.p.h.s.HTTPSamplerBase: Existing CookieManager HTTP Cookie Manager superseded by HTTP Cookie Manager
2026-07-06 16:50:59,532 WARN o.a.j.p.h.s.HTTPSamplerBase: Existing CookieManager HTTP Cookie Manager superseded by HTTP Cookie Manager
2026-07-06 16:50:59,593 WARN o.a.j.p.h.s.HTTPSamplerBase: Existing CookieManager HTTP Cookie Manager superseded by HTTP Cookie Manager
2026-07-06 16:50:59,847 WARN o.a.j.p.h.s.HTTPSamplerBase: Existing CookieManager HTTP Cookie Manager superseded by HTTP Cookie Manager
2026-07-06 16:51:00,062 INFO o.a.j.r.Summariser: summary +    154 in 00:00:30 =    5.1/s Avg:   386 Min:   104 Max:   645 Err:   103 (66.88%) Active: 2 Started: 2 Finished: 0
2026-07-06 16:51:00,062 INFO o.a.j.r.Summariser: summary =    618 in 00:02:19 =    4.5/s Avg:   437 Min:   104 Max:  1140 Err:   408 (66.02%)
2026-07-06 16:51:00,062 WARN o.a.j.p.h.s.HTTPSamplerBase: Existing CookieManager HTTP Cookie Manager superseded by HTTP Cookie Manager
2026-07-06 16:51:00,411 WARN o.a.j.p.h.s.HTTPSamplerBase: Existing CookieManager HTTP Cookie Manager superseded by HTTP Cookie Manager
2026-07-06 16:51:00,599 WARN o.a.j.p.h.s.HTTPSamplerBase: Existing CookieManager HTTP Cookie Manager superseded by HTTP Cookie Manager
2026-07-06 16:51:00,827 WARN o.a.j.p.h.s.HTTPSamplerBase: Existing CookieManager HTTP Cookie Manager superseded by HTTP Cookie Manager
2026-07-06 16:51:00,867 WARN o.a.j.p.h.s.HTTPSamplerBase: Existing CookieManager HTTP Cookie Manager superseded by HTTP Cookie Manager
2026-07-06 16:51:01,126 WARN o.a.j.p.h.s.HTTPSamplerBase: Existing CookieManager HTTP Cookie Manager superseded by HTTP Cookie Manager
2026-07-06 16:51:01,350 WARN o.a.j.p.h.s.HTTPSamplerBase: Existing CookieManager HTTP Cookie Manager superseded by HTTP Cookie Manager
2026-07-06 16:51:01,521 WARN o.a.j.p.h.s.HTTPSamplerBase: Existing CookieManager HTTP Cookie Manager superseded by HTTP Cookie Manager
2026-07-06 16:51:01,785 WARN o.a.j.p.h.s.HTTPSamplerBase: Existing CookieManager HTTP Cookie Manager superseded by HTTP Cookie Manager
2026-07-06 16:51:02,011 WARN o.a.j.p.h.s.HTTPSamplerBase: Existing CookieManager HTTP Cookie Manager superseded by HTTP Cookie Manager
2026-07-06 16:51:02,080 WARN o.a.j.p.h.s.HTTPSamplerBase: Existing CookieManager HTTP Cookie Manager superseded by HTTP Cookie Manager
2026-07-06 16:51:02,323 WARN o.a.j.p.h.s.HTTPSamplerBase: Existing CookieManager HTTP Cookie Manager superseded by HTTP Cookie Manager
2026-07-06 16:51:02,356 WARN o.a.j.p.h.s.HTTPSamplerBase: Existing CookieManager HTTP Cookie Manager superseded by HTTP Cookie Manager
2026-07-06 16:51:02,763 WARN o.a.j.p.h.s.HTTPSamplerBase: Existing CookieManager HTTP Cookie Manager superseded by HTTP Cookie Manager
2026-07-06 16:51:02,935 WARN o.a.j.p.h.s.HTTPSamplerBase: Existing CookieManager HTTP Cookie Manager superseded by HTTP Cookie Manager
2026-07-06 16:51:02,983 WARN o.a.j.p.h.s.HTTPSamplerBase: Existing CookieManager HTTP Cookie Manager superseded by HTTP Cookie Manager
2026-07-06 16:51:03,310 WARN o.a.j.p.h.s.HTTPSamplerBase: Existing CookieManager HTTP Cookie Manager superseded by HTTP Cookie Manager
2026-07-06 16:51:03,374 WARN o.a.j.p.h.s.HTTPSamplerBase: Existing CookieManager HTTP Cookie Manager superseded by HTTP Cookie Manager
2026-07-06 16:51:03,575 WARN o.a.j.p.h.s.HTTPSamplerBase: Existing CookieManager HTTP Cookie Manager superseded by HTTP Cookie Manager
2026-07-06 16:51:03,778 WARN o.a.j.p.h.s.HTTPSamplerBase: Existing CookieManager HTTP Cookie Manager superseded by HTTP Cookie Manager
2026-07-06 16:51:03,989 WARN o.a.j.p.h.s.HTTPSamplerBase: Existing CookieManager HTTP Cookie Manager superseded by HTTP Cookie Manager
2026-07-06 16:51:04,172 WARN o.a.j.p.h.s.HTTPSamplerBase: Existing CookieManager HTTP Cookie Manager superseded by HTTP Cookie Manager
2026-07-06 16:51:04,582 WARN o.a.j.p.h.s.HTTPSamplerBase: Existing CookieManager HTTP Cookie Manager superseded by HTTP Cookie Manager
2026-07-06 16:51:04,659 WARN o.a.j.p.h.s.HTTPSamplerBase: Existing CookieManager HTTP Cookie Manager superseded by HTTP Cookie Manager
2026-07-06 16:51:04,912 WARN o.a.j.p.h.s.HTTPSamplerBase: Existing CookieManager HTTP Cookie Manager superseded by HTTP Cookie Manager
2026-07-06 16:51:04,979 WARN o.a.j.p.h.s.HTTPSamplerBase: Existing CookieManager HTTP Cookie Manager superseded by HTTP Cookie Manager
2026-07-06 16:51:05,218 WARN o.a.j.p.h.s.HTTPSamplerBase: Existing CookieManager HTTP Cookie Manager superseded by HTTP Cookie Manager
2026-07-06 16:51:05,412 WARN o.a.j.p.h.s.HTTPSamplerBase: Existing CookieManager HTTP Cookie Manager superseded by HTTP Cookie Manager
2026-07-06 16:51:05,674 WARN o.a.j.p.h.s.HTTPSamplerBase: Existing CookieManager HTTP Cookie Manager superseded by HTTP Cookie Manager
2026-07-06 16:51:05,892 WARN o.a.j.p.h.s.HTTPSamplerBase: Existing CookieManager HTTP Cookie Manager superseded by HTTP Cookie Manager
2026-07-06 16:51:06,137 WARN o.a.j.p.h.s.HTTPSamplerBase: Existing CookieManager HTTP Cookie Manager superseded by HTTP Cookie Manager
2026-07-06 16:51:06,266 WARN o.a.j.p.h.s.HTTPSamplerBase: Existing CookieManager HTTP Cookie Manager superseded by HTTP Cookie Manager
2026-07-06 16:51:06,544 WARN o.a.j.p.h.s.HTTPSamplerBase: Existing CookieManager HTTP Cookie Manager superseded by HTTP Cookie Manager
2026-07-06 16:51:06,558 WARN o.a.j.p.h.s.HTTPSamplerBase: Existing CookieManager HTTP Cookie Manager superseded by HTTP Cookie Manager
2026-07-06 16:51:06,955 WARN o.a.j.p.h.s.HTTPSamplerBase: Existing CookieManager HTTP Cookie Manager superseded by HTTP Cookie Manager
2026-07-06 16:51:07,055 WARN o.a.j.p.h.s.HTTPSamplerBase: Existing CookieManager HTTP Cookie Manager superseded by HTTP Cookie Manager
2026-07-06 16:51:07,295 WARN o.a.j.p.h.s.HTTPSamplerBase: Existing CookieManager HTTP Cookie Manager superseded by HTTP Cookie Manager
2026-07-06 16:51:07,552 WARN o.a.j.p.h.s.HTTPSamplerBase: Existing CookieManager HTTP Cookie Manager superseded by HTTP Cookie Manager
2026-07-06 16:51:07,770 WARN o.a.j.p.h.s.HTTPSamplerBase: Existing CookieManager HTTP Cookie Manager superseded by HTTP Cookie Manager
2026-07-06 16:51:07,816 WARN o.a.j.p.h.s.HTTPSamplerBase: Existing CookieManager HTTP Cookie Manager superseded by HTTP Cookie Manager
2026-07-06 16:51:08,135 WARN o.a.j.p.h.s.HTTPSamplerBase: Existing CookieManager HTTP Cookie Manager superseded by HTTP Cookie Manager
2026-07-06 16:51:08,273 WARN o.a.j.p.h.s.HTTPSamplerBase: Existing CookieManager HTTP Cookie Manager superseded by HTTP Cookie Manager
2026-07-06 16:51:08,375 WARN o.a.j.p.h.s.HTTPSamplerBase: Existing CookieManager HTTP Cookie Manager superseded by HTTP Cookie Manager
2026-07-06 16:51:08,705 WARN o.a.j.p.h.s.HTTPSamplerBase: Existing CookieManager HTTP Cookie Manager superseded by HTTP Cookie Manager
2026-07-06 16:51:08,820 WARN o.a.j.p.h.s.HTTPSamplerBase: Existing CookieManager HTTP Cookie Manager superseded by HTTP Cookie Manager
2026-07-06 16:51:08,933 WARN o.a.j.p.h.s.HTTPSamplerBase: Existing CookieManager HTTP Cookie Manager superseded by HTTP Cookie Manager
2026-07-06 16:51:09,176 WARN o.a.j.p.h.s.HTTPSamplerBase: Existing CookieManager HTTP Cookie Manager superseded by HTTP Cookie Manager
2026-07-06 16:51:09,367 WARN o.a.j.p.h.s.HTTPSamplerBase: Existing CookieManager HTTP Cookie Manager superseded by HTTP Cookie Manager
2026-07-06 16:51:09,404 WARN o.a.j.p.h.s.HTTPSamplerBase: Existing CookieManager HTTP Cookie Manager superseded by HTTP Cookie Manager
2026-07-06 16:51:09,812 WARN o.a.j.p.h.s.HTTPSamplerBase: Existing CookieManager HTTP Cookie Manager superseded by HTTP Cookie Manager
2026-07-06 16:51:09,949 WARN o.a.j.p.h.s.HTTPSamplerBase: Existing CookieManager HTTP Cookie Manager superseded by HTTP Cookie Manager
2026-07-06 16:51:10,205 WARN o.a.j.p.h.s.HTTPSamplerBase: Existing CookieManager HTTP Cookie Manager superseded by HTTP Cookie Manager
2026-07-06 16:51:10,426 WARN o.a.j.p.h.s.HTTPSamplerBase: Existing CookieManager HTTP Cookie Manager superseded by HTTP Cookie Manager
2026-07-06 16:51:10,691 WARN o.a.j.p.h.s.HTTPSamplerBase: Existing CookieManager HTTP Cookie Manager superseded by HTTP Cookie Manager
2026-07-06 16:51:10,785 WARN o.a.j.p.h.s.HTTPSamplerBase: Existing CookieManager HTTP Cookie Manager superseded by HTTP Cookie Manager
2026-07-06 16:51:11,009 WARN o.a.j.p.h.s.HTTPSamplerBase: Existing CookieManager HTTP Cookie Manager superseded by HTTP Cookie Manager
2026-07-06 16:51:11,387 WARN o.a.j.p.h.s.HTTPSamplerBase: Existing CookieManager HTTP Cookie Manager superseded by HTTP Cookie Manager
2026-07-06 16:51:11,626 WARN o.a.j.p.h.s.HTTPSamplerBase: Existing CookieManager HTTP Cookie Manager superseded by HTTP Cookie Manager
2026-07-06 16:51:11,645 WARN o.a.j.p.h.s.HTTPSamplerBase: Existing CookieManager HTTP Cookie Manager superseded by HTTP Cookie Manager
2026-07-06 16:51:11,867 WARN o.a.j.p.h.s.HTTPSamplerBase: Existing CookieManager HTTP Cookie Manager superseded by HTTP Cookie Manager
2026-07-06 16:51:12,066 WARN o.a.j.p.h.s.HTTPSamplerBase: Existing CookieManager HTTP Cookie Manager superseded by HTTP Cookie Manager
2026-07-06 16:51:12,345 WARN o.a.j.p.h.s.HTTPSamplerBase: Existing CookieManager HTTP Cookie Manager superseded by HTTP Cookie Manager
2026-07-06 16:51:12,391 WARN o.a.j.p.h.s.HTTPSamplerBase: Existing CookieManager HTTP Cookie Manager superseded by HTTP Cookie Manager
2026-07-06 16:51:12,644 WARN o.a.j.p.h.s.HTTPSamplerBase: Existing CookieManager HTTP Cookie Manager superseded by HTTP Cookie Manager
2026-07-06 16:51:12,882 WARN o.a.j.p.h.s.HTTPSamplerBase: Existing CookieManager HTTP Cookie Manager superseded by HTTP Cookie Manager
2026-07-06 16:51:13,115 WARN o.a.j.p.h.s.HTTPSamplerBase: Existing CookieManager HTTP Cookie Manager superseded by HTTP Cookie Manager
2026-07-06 16:51:13,152 WARN o.a.j.p.h.s.HTTPSamplerBase: Existing CookieManager HTTP Cookie Manager superseded by HTTP Cookie Manager
2026-07-06 16:51:13,461 WARN o.a.j.p.h.s.HTTPSamplerBase: Existing CookieManager HTTP Cookie Manager superseded by HTTP Cookie Manager
2026-07-06 16:51:13,527 WARN o.a.j.p.h.s.HTTPSamplerBase: Existing CookieManager HTTP Cookie Manager superseded by HTTP Cookie Manager
2026-07-06 16:51:13,691 WARN o.a.j.p.h.s.HTTPSamplerBase: Existing CookieManager HTTP Cookie Manager superseded by HTTP Cookie Manager
2026-07-06 16:51:13,875 WARN o.a.j.p.h.s.HTTPSamplerBase: Existing CookieManager HTTP Cookie Manager superseded by HTTP Cookie Manager
2026-07-06 16:51:14,144 WARN o.a.j.p.h.s.HTTPSamplerBase: Existing CookieManager HTTP Cookie Manager superseded by HTTP Cookie Manager
2026-07-06 16:51:14,167 WARN o.a.j.p.h.s.HTTPSamplerBase: Existing CookieManager HTTP Cookie Manager superseded by HTTP Cookie Manager
2026-07-06 16:51:14,314 WARN o.a.j.p.h.s.HTTPSamplerBase: Existing CookieManager HTTP Cookie Manager superseded by HTTP Cookie Manager
2026-07-06 16:51:14,485 WARN o.a.j.p.h.s.HTTPSamplerBase: Existing CookieManager HTTP Cookie Manager superseded by HTTP Cookie Manager
2026-07-06 16:51:14,543 WARN o.a.j.p.h.s.HTTPSamplerBase: Existing CookieManager HTTP Cookie Manager superseded by HTTP Cookie Manager
2026-07-06 16:51:14,933 WARN o.a.j.p.h.s.HTTPSamplerBase: Existing CookieManager HTTP Cookie Manager superseded by HTTP Cookie Manager
2026-07-06 16:51:15,036 WARN o.a.j.p.h.s.HTTPSamplerBase: Existing CookieManager HTTP Cookie Manager superseded by HTTP Cookie Manager
2026-07-06 16:51:15,193 WARN o.a.j.p.h.s.HTTPSamplerBase: Existing CookieManager HTTP Cookie Manager superseded by HTTP Cookie Manager
2026-07-06 16:51:15,538 WARN o.a.j.p.h.s.HTTPSamplerBase: Existing CookieManager HTTP Cookie Manager superseded by HTTP Cookie Manager
2026-07-06 16:51:15,608 WARN o.a.j.p.h.s.HTTPSamplerBase: Existing CookieManager HTTP Cookie Manager superseded by HTTP Cookie Manager
2026-07-06 16:51:15,788 WARN o.a.j.p.h.s.HTTPSamplerBase: Existing CookieManager HTTP Cookie Manager superseded by HTTP Cookie Manager
2026-07-06 16:51:16,209 WARN o.a.j.p.h.s.HTTPSamplerBase: Existing CookieManager HTTP Cookie Manager superseded by HTTP Cookie Manager
2026-07-06 16:51:16,402 WARN o.a.j.p.h.s.HTTPSamplerBase: Existing CookieManager HTTP Cookie Manager superseded by HTTP Cookie Manager
2026-07-06 16:51:16,456 WARN o.a.j.p.h.s.HTTPSamplerBase: Existing CookieManager HTTP Cookie Manager superseded by HTTP Cookie Manager
2026-07-06 16:51:16,938 WARN o.a.j.p.h.s.HTTPSamplerBase: Existing CookieManager HTTP Cookie Manager superseded by HTTP Cookie Manager
2026-07-06 16:51:16,995 WARN o.a.j.p.h.s.HTTPSamplerBase: Existing CookieManager HTTP Cookie Manager superseded by HTTP Cookie Manager
2026-07-06 16:51:17,238 WARN o.a.j.p.h.s.HTTPSamplerBase: Existing CookieManager HTTP Cookie Manager superseded by HTTP Cookie Manager
2026-07-06 16:51:17,456 WARN o.a.j.p.h.s.HTTPSamplerBase: Existing CookieManager HTTP Cookie Manager superseded by HTTP Cookie Manager
2026-07-06 16:51:17,657 WARN o.a.j.p.h.s.HTTPSamplerBase: Existing CookieManager HTTP Cookie Manager superseded by HTTP Cookie Manager
2026-07-06 16:51:17,718 WARN o.a.j.p.h.s.HTTPSamplerBase: Existing CookieManager HTTP Cookie Manager superseded by HTTP Cookie Manager
2026-07-06 16:51:18,208 WARN o.a.j.p.h.s.HTTPSamplerBase: Existing CookieManager HTTP Cookie Manager superseded by HTTP Cookie Manager
2026-07-06 16:51:18,228 WARN o.a.j.p.h.s.HTTPSamplerBase: Existing CookieManager HTTP Cookie Manager superseded by HTTP Cookie Manager
2026-07-06 16:51:18,451 WARN o.a.j.p.h.s.HTTPSamplerBase: Existing CookieManager HTTP Cookie Manager superseded by HTTP Cookie Manager
2026-07-06 16:51:18,733 WARN o.a.j.p.h.s.HTTPSamplerBase: Existing CookieManager HTTP Cookie Manager superseded by HTTP Cookie Manager
2026-07-06 16:51:18,886 WARN o.a.j.p.h.s.HTTPSamplerBase: Existing CookieManager HTTP Cookie Manager superseded by HTTP Cookie Manager
2026-07-06 16:51:18,965 WARN o.a.j.p.h.s.HTTPSamplerBase: Existing CookieManager HTTP Cookie Manager superseded by HTTP Cookie Manager
2026-07-06 16:51:19,252 WARN o.a.j.p.h.s.HTTPSamplerBase: Existing CookieManager HTTP Cookie Manager superseded by HTTP Cookie Manager
2026-07-06 16:51:19,495 WARN o.a.j.p.h.s.HTTPSamplerBase: Existing CookieManager HTTP Cookie Manager superseded by HTTP Cookie Manager
2026-07-06 16:51:19,602 WARN o.a.j.p.h.s.HTTPSamplerBase: Existing CookieManager HTTP Cookie Manager superseded by HTTP Cookie Manager
2026-07-06 16:51:19,960 WARN o.a.j.p.h.s.HTTPSamplerBase: Existing CookieManager HTTP Cookie Manager superseded by HTTP Cookie Manager
2026-07-06 16:51:20,000 WARN o.a.j.p.h.s.HTTPSamplerBase: Existing CookieManager HTTP Cookie Manager superseded by HTTP Cookie Manager
2026-07-06 16:51:20,219 WARN o.a.j.p.h.s.HTTPSamplerBase: Existing CookieManager HTTP Cookie Manager superseded by HTTP Cookie Manager
2026-07-06 16:51:20,340 WARN o.a.j.p.h.s.HTTPSamplerBase: Existing CookieManager HTTP Cookie Manager superseded by HTTP Cookie Manager
2026-07-06 16:51:20,525 WARN o.a.j.p.h.s.HTTPSamplerBase: Existing CookieManager HTTP Cookie Manager superseded by HTTP Cookie Manager
2026-07-06 16:51:20,577 WARN o.a.j.p.h.s.HTTPSamplerBase: Existing CookieManager HTTP Cookie Manager superseded by HTTP Cookie Manager
2026-07-06 16:51:21,057 WARN o.a.j.p.h.s.HTTPSamplerBase: Existing CookieManager HTTP Cookie Manager superseded by HTTP Cookie Manager
2026-07-06 16:51:21,170 WARN o.a.j.p.h.s.HTTPSamplerBase: Existing CookieManager HTTP Cookie Manager superseded by HTTP Cookie Manager
2026-07-06 16:51:21,310 WARN o.a.j.p.h.s.HTTPSamplerBase: Existing CookieManager HTTP Cookie Manager superseded by HTTP Cookie Manager
2026-07-06 16:51:21,748 WARN o.a.j.p.h.s.HTTPSamplerBase: Existing CookieManager HTTP Cookie Manager superseded by HTTP Cookie Manager
2026-07-06 16:51:21,771 WARN o.a.j.p.h.s.HTTPSamplerBase: Existing CookieManager HTTP Cookie Manager superseded by HTTP Cookie Manager
2026-07-06 16:51:22,010 WARN o.a.j.p.h.s.HTTPSamplerBase: Existing CookieManager HTTP Cookie Manager superseded by HTTP Cookie Manager
2026-07-06 16:51:22,108 WARN o.a.j.p.h.s.HTTPSamplerBase: Existing CookieManager HTTP Cookie Manager superseded by HTTP Cookie Manager
2026-07-06 16:51:22,345 WARN o.a.j.p.h.s.HTTPSamplerBase: Existing CookieManager HTTP Cookie Manager superseded by HTTP Cookie Manager
2026-07-06 16:51:22,500 WARN o.a.j.p.h.s.HTTPSamplerBase: Existing CookieManager HTTP Cookie Manager superseded by HTTP Cookie Manager
2026-07-06 16:51:22,843 WARN o.a.j.p.h.s.HTTPSamplerBase: Existing CookieManager HTTP Cookie Manager superseded by HTTP Cookie Manager
2026-07-06 16:51:23,034 WARN o.a.j.p.h.s.HTTPSamplerBase: Existing CookieManager HTTP Cookie Manager superseded by HTTP Cookie Manager
2026-07-06 16:51:23,271 WARN o.a.j.p.h.s.HTTPSamplerBase: Existing CookieManager HTTP Cookie Manager superseded by HTTP Cookie Manager
2026-07-06 16:51:23,326 WARN o.a.j.p.h.s.HTTPSamplerBase: Existing CookieManager HTTP Cookie Manager superseded by HTTP Cookie Manager
2026-07-06 16:51:23,611 WARN o.a.j.p.h.s.HTTPSamplerBase: Existing CookieManager HTTP Cookie Manager superseded by HTTP Cookie Manager
2026-07-06 16:51:23,680 WARN o.a.j.p.h.s.HTTPSamplerBase: Existing CookieManager HTTP Cookie Manager superseded by HTTP Cookie Manager
2026-07-06 16:51:24,073 WARN o.a.j.p.h.s.HTTPSamplerBase: Existing CookieManager HTTP Cookie Manager superseded by HTTP Cookie Manager
2026-07-06 16:51:24,148 WARN o.a.j.p.h.s.HTTPSamplerBase: Existing CookieManager HTTP Cookie Manager superseded by HTTP Cookie Manager
2026-07-06 16:51:24,361 WARN o.a.j.p.h.s.HTTPSamplerBase: Existing CookieManager HTTP Cookie Manager superseded by HTTP Cookie Manager
2026-07-06 16:51:24,434 WARN o.a.j.p.h.s.HTTPSamplerBase: Existing CookieManager HTTP Cookie Manager superseded by HTTP Cookie Manager
2026-07-06 16:51:24,672 WARN o.a.j.p.h.s.HTTPSamplerBase: Existing CookieManager HTTP Cookie Manager superseded by HTTP Cookie Manager
2026-07-06 16:51:24,779 WARN o.a.j.p.h.s.HTTPSamplerBase: Existing CookieManager HTTP Cookie Manager superseded by HTTP Cookie Manager
2026-07-06 16:51:25,298 WARN o.a.j.p.h.s.HTTPSamplerBase: Existing CookieManager HTTP Cookie Manager superseded by HTTP Cookie Manager
2026-07-06 16:51:25,335 WARN o.a.j.p.h.s.HTTPSamplerBase: Existing CookieManager HTTP Cookie Manager superseded by HTTP Cookie Manager
2026-07-06 16:51:25,574 WARN o.a.j.p.h.s.HTTPSamplerBase: Existing CookieManager HTTP Cookie Manager superseded by HTTP Cookie Manager
2026-07-06 16:51:25,742 WARN o.a.j.p.h.s.HTTPSamplerBase: Existing CookieManager HTTP Cookie Manager superseded by HTTP Cookie Manager
2026-07-06 16:51:26,007 WARN o.a.j.p.h.s.HTTPSamplerBase: Existing CookieManager HTTP Cookie Manager superseded by HTTP Cookie Manager
2026-07-06 16:51:26,175 WARN o.a.j.p.h.s.HTTPSamplerBase: Existing CookieManager HTTP Cookie Manager superseded by HTTP Cookie Manager
2026-07-06 16:51:26,368 WARN o.a.j.p.h.s.HTTPSamplerBase: Existing CookieManager HTTP Cookie Manager superseded by HTTP Cookie Manager
2026-07-06 16:51:26,503 WARN o.a.j.p.h.s.HTTPSamplerBase: Existing CookieManager HTTP Cookie Manager superseded by HTTP Cookie Manager
2026-07-06 16:51:26,734 WARN o.a.j.p.h.s.HTTPSamplerBase: Existing CookieManager HTTP Cookie Manager superseded by HTTP Cookie Manager
2026-07-06 16:51:26,766 WARN o.a.j.p.h.s.HTTPSamplerBase: Existing CookieManager HTTP Cookie Manager superseded by HTTP Cookie Manager
2026-07-06 16:51:27,025 WARN o.a.j.p.h.s.HTTPSamplerBase: Existing CookieManager HTTP Cookie Manager superseded by HTTP Cookie Manager
2026-07-06 16:51:27,349 WARN o.a.j.p.h.s.HTTPSamplerBase: Existing CookieManager HTTP Cookie Manager superseded by HTTP Cookie Manager
2026-07-06 16:51:27,526 WARN o.a.j.p.h.s.HTTPSamplerBase: Existing CookieManager HTTP Cookie Manager superseded by HTTP Cookie Manager
2026-07-06 16:51:27,736 WARN o.a.j.p.h.s.HTTPSamplerBase: Existing CookieManager HTTP Cookie Manager superseded by HTTP Cookie Manager
2026-07-06 16:51:27,954 WARN o.a.j.p.h.s.HTTPSamplerBase: Existing CookieManager HTTP Cookie Manager superseded by HTTP Cookie Manager
2026-07-06 16:51:28,081 WARN o.a.j.p.h.s.HTTPSamplerBase: Existing CookieManager HTTP Cookie Manager superseded by HTTP Cookie Manager
2026-07-06 16:51:28,356 WARN o.a.j.p.h.s.HTTPSamplerBase: Existing CookieManager HTTP Cookie Manager superseded by HTTP Cookie Manager
2026-07-06 16:51:28,370 WARN o.a.j.p.h.s.HTTPSamplerBase: Existing CookieManager HTTP Cookie Manager superseded by HTTP Cookie Manager
2026-07-06 16:51:28,766 WARN o.a.j.p.h.s.HTTPSamplerBase: Existing CookieManager HTTP Cookie Manager superseded by HTTP Cookie Manager
2026-07-06 16:51:28,964 WARN o.a.j.p.h.s.HTTPSamplerBase: Existing CookieManager HTTP Cookie Manager superseded by HTTP Cookie Manager
2026-07-06 16:51:29,168 WARN o.a.j.p.h.s.HTTPSamplerBase: Existing CookieManager HTTP Cookie Manager superseded by HTTP Cookie Manager
2026-07-06 16:51:29,204 WARN o.a.j.p.h.s.HTTPSamplerBase: Existing CookieManager HTTP Cookie Manager superseded by HTTP Cookie Manager
2026-07-06 16:51:29,387 WARN o.a.j.p.h.s.HTTPSamplerBase: Existing CookieManager HTTP Cookie Manager superseded by HTTP Cookie Manager
2026-07-06 16:51:29,573 WARN o.a.j.p.h.s.HTTPSamplerBase: Existing CookieManager HTTP Cookie Manager superseded by HTTP Cookie Manager
2026-07-06 16:51:29,948 WARN o.a.j.p.h.s.HTTPSamplerBase: Existing CookieManager HTTP Cookie Manager superseded by HTTP Cookie Manager
2026-07-06 16:51:30,130 INFO o.a.j.r.Summariser: summary +    152 in 00:00:30 =    5.1/s Avg:   390 Min:   142 Max:   631 Err:   101 (66.45%) Active: 2 Started: 2 Finished: 0
2026-07-06 16:51:30,131 INFO o.a.j.r.Summariser: summary =    770 in 00:02:49 =    4.6/s Avg:   428 Min:   104 Max:  1140 Err:   509 (66.10%)
2026-07-06 16:51:30,131 WARN o.a.j.p.h.s.HTTPSamplerBase: Existing CookieManager HTTP Cookie Manager superseded by HTTP Cookie Manager
2026-07-06 16:51:30,374 WARN o.a.j.p.h.s.HTTPSamplerBase: Existing CookieManager HTTP Cookie Manager superseded by HTTP Cookie Manager
2026-07-06 16:51:30,506 WARN o.a.j.p.h.s.HTTPSamplerBase: Existing CookieManager HTTP Cookie Manager superseded by HTTP Cookie Manager
2026-07-06 16:51:30,769 WARN o.a.j.p.h.s.HTTPSamplerBase: Existing CookieManager HTTP Cookie Manager superseded by HTTP Cookie Manager
2026-07-06 16:51:30,798 WARN o.a.j.p.h.s.HTTPSamplerBase: Existing CookieManager HTTP Cookie Manager superseded by HTTP Cookie Manager
2026-07-06 16:51:31,328 WARN o.a.j.p.h.s.HTTPSamplerBase: Existing CookieManager HTTP Cookie Manager superseded by HTTP Cookie Manager
2026-07-06 16:51:31,332 WARN o.a.j.p.h.s.HTTPSamplerBase: Existing CookieManager HTTP Cookie Manager superseded by HTTP Cookie Manager
2026-07-06 16:51:31,557 WARN o.a.j.p.h.s.HTTPSamplerBase: Existing CookieManager HTTP Cookie Manager superseded by HTTP Cookie Manager
2026-07-06 16:51:31,736 WARN o.a.j.p.h.s.HTTPSamplerBase: Existing CookieManager HTTP Cookie Manager superseded by HTTP Cookie Manager
2026-07-06 16:51:31,895 WARN o.a.j.p.h.s.HTTPSamplerBase: Existing CookieManager HTTP Cookie Manager superseded by HTTP Cookie Manager
2026-07-06 16:51:31,997 WARN o.a.j.p.h.s.HTTPSamplerBase: Existing CookieManager HTTP Cookie Manager superseded by HTTP Cookie Manager
2026-07-06 16:51:32,504 WARN o.a.j.p.h.s.HTTPSamplerBase: Existing CookieManager HTTP Cookie Manager superseded by HTTP Cookie Manager
2026-07-06 16:51:32,527 WARN o.a.j.p.h.s.HTTPSamplerBase: Existing CookieManager HTTP Cookie Manager superseded by HTTP Cookie Manager
2026-07-06 16:51:32,776 WARN o.a.j.p.h.s.HTTPSamplerBase: Existing CookieManager HTTP Cookie Manager superseded by HTTP Cookie Manager
2026-07-06 16:51:32,916 WARN o.a.j.p.h.s.HTTPSamplerBase: Existing CookieManager HTTP Cookie Manager superseded by HTTP Cookie Manager
2026-07-06 16:51:33,155 WARN o.a.j.p.h.s.HTTPSamplerBase: Existing CookieManager HTTP Cookie Manager superseded by HTTP Cookie Manager
2026-07-06 16:51:33,168 WARN o.a.j.p.h.s.HTTPSamplerBase: Existing CookieManager HTTP Cookie Manager superseded by HTTP Cookie Manager
2026-07-06 16:51:33,567 WARN o.a.j.p.h.s.HTTPSamplerBase: Existing CookieManager HTTP Cookie Manager superseded by HTTP Cookie Manager
2026-07-06 16:51:33,695 WARN o.a.j.p.h.s.HTTPSamplerBase: Existing CookieManager HTTP Cookie Manager superseded by HTTP Cookie Manager
2026-07-06 16:51:33,937 WARN o.a.j.p.h.s.HTTPSamplerBase: Existing CookieManager HTTP Cookie Manager superseded by HTTP Cookie Manager
2026-07-06 16:51:33,998 WARN o.a.j.p.h.s.HTTPSamplerBase: Existing CookieManager HTTP Cookie Manager superseded by HTTP Cookie Manager
2026-07-06 16:51:34,261 WARN o.a.j.p.h.s.HTTPSamplerBase: Existing CookieManager HTTP Cookie Manager superseded by HTTP Cookie Manager
2026-07-06 16:51:34,350 WARN o.a.j.p.h.s.HTTPSamplerBase: Existing CookieManager HTTP Cookie Manager superseded by HTTP Cookie Manager
2026-07-06 16:51:34,625 WARN o.a.j.p.h.s.HTTPSamplerBase: Existing CookieManager HTTP Cookie Manager superseded by HTTP Cookie Manager
2026-07-06 16:51:34,687 WARN o.a.j.p.h.s.HTTPSamplerBase: Existing CookieManager HTTP Cookie Manager superseded by HTTP Cookie Manager
2026-07-06 16:51:34,919 WARN o.a.j.p.h.s.HTTPSamplerBase: Existing CookieManager HTTP Cookie Manager superseded by HTTP Cookie Manager
2026-07-06 16:51:34,961 WARN o.a.j.p.h.s.HTTPSamplerBase: Existing CookieManager HTTP Cookie Manager superseded by HTTP Cookie Manager
2026-07-06 16:51:35,223 WARN o.a.j.p.h.s.HTTPSamplerBase: Existing CookieManager HTTP Cookie Manager superseded by HTTP Cookie Manager
2026-07-06 16:51:35,423 WARN o.a.j.p.h.s.HTTPSamplerBase: Existing CookieManager HTTP Cookie Manager superseded by HTTP Cookie Manager
2026-07-06 16:51:35,800 WARN o.a.j.p.h.s.HTTPSamplerBase: Existing CookieManager HTTP Cookie Manager superseded by HTTP Cookie Manager
2026-07-06 16:51:35,982 WARN o.a.j.p.h.s.HTTPSamplerBase: Existing CookieManager HTTP Cookie Manager superseded by HTTP Cookie Manager
2026-07-06 16:51:36,226 WARN o.a.j.p.h.s.HTTPSamplerBase: Existing CookieManager HTTP Cookie Manager superseded by HTTP Cookie Manager
2026-07-06 16:51:36,260 WARN o.a.j.p.h.s.HTTPSamplerBase: Existing CookieManager HTTP Cookie Manager superseded by HTTP Cookie Manager
2026-07-06 16:51:36,517 WARN o.a.j.p.h.s.HTTPSamplerBase: Existing CookieManager HTTP Cookie Manager superseded by HTTP Cookie Manager
2026-07-06 16:51:36,624 WARN o.a.j.p.h.s.HTTPSamplerBase: Existing CookieManager HTTP Cookie Manager superseded by HTTP Cookie Manager
2026-07-06 16:51:37,066 WARN o.a.j.p.h.s.HTTPSamplerBase: Existing CookieManager HTTP Cookie Manager superseded by HTTP Cookie Manager
2026-07-06 16:51:37,171 WARN o.a.j.p.h.s.HTTPSamplerBase: Existing CookieManager HTTP Cookie Manager superseded by HTTP Cookie Manager
2026-07-06 16:51:37,407 WARN o.a.j.p.h.s.HTTPSamplerBase: Existing CookieManager HTTP Cookie Manager superseded by HTTP Cookie Manager
2026-07-06 16:51:37,676 WARN o.a.j.p.h.s.HTTPSamplerBase: Existing CookieManager HTTP Cookie Manager superseded by HTTP Cookie Manager
2026-07-06 16:51:37,909 WARN o.a.j.p.h.s.HTTPSamplerBase: Existing CookieManager HTTP Cookie Manager superseded by HTTP Cookie Manager
2026-07-06 16:51:37,934 WARN o.a.j.p.h.s.HTTPSamplerBase: Existing CookieManager HTTP Cookie Manager superseded by HTTP Cookie Manager
2026-07-06 16:51:38,265 WARN o.a.j.p.h.s.HTTPSamplerBase: Existing CookieManager HTTP Cookie Manager superseded by HTTP Cookie Manager
2026-07-06 16:51:38,304 WARN o.a.j.p.h.s.HTTPSamplerBase: Existing CookieManager HTTP Cookie Manager superseded by HTTP Cookie Manager
2026-07-06 16:51:38,533 WARN o.a.j.p.h.s.HTTPSamplerBase: Existing CookieManager HTTP Cookie Manager superseded by HTTP Cookie Manager
2026-07-06 16:51:38,654 WARN o.a.j.p.h.s.HTTPSamplerBase: Existing CookieManager HTTP Cookie Manager superseded by HTTP Cookie Manager
2026-07-06 16:51:38,883 WARN o.a.j.p.h.s.HTTPSamplerBase: Existing CookieManager HTTP Cookie Manager superseded by HTTP Cookie Manager
2026-07-06 16:51:39,085 WARN o.a.j.p.h.s.HTTPSamplerBase: Existing CookieManager HTTP Cookie Manager superseded by HTTP Cookie Manager
2026-07-06 16:51:39,336 WARN o.a.j.p.h.s.HTTPSamplerBase: Existing CookieManager HTTP Cookie Manager superseded by HTTP Cookie Manager
2026-07-06 16:51:39,683 WARN o.a.j.p.h.s.HTTPSamplerBase: Existing CookieManager HTTP Cookie Manager superseded by HTTP Cookie Manager
2026-07-06 16:51:39,726 WARN o.a.j.p.h.s.HTTPSamplerBase: Existing CookieManager HTTP Cookie Manager superseded by HTTP Cookie Manager
2026-07-06 16:51:39,925 WARN o.a.j.p.h.s.HTTPSamplerBase: Existing CookieManager HTTP Cookie Manager superseded by HTTP Cookie Manager
2026-07-06 16:51:39,982 WARN o.a.j.p.h.s.HTTPSamplerBase: Existing CookieManager HTTP Cookie Manager superseded by HTTP Cookie Manager
2026-07-06 16:51:40,531 WARN o.a.j.p.h.s.HTTPSamplerBase: Existing CookieManager HTTP Cookie Manager superseded by HTTP Cookie Manager
2026-07-06 16:51:40,546 WARN o.a.j.p.h.s.HTTPSamplerBase: Existing CookieManager HTTP Cookie Manager superseded by HTTP Cookie Manager
2026-07-06 16:51:40,903 WARN o.a.j.p.h.s.HTTPSamplerBase: Existing CookieManager HTTP Cookie Manager superseded by HTTP Cookie Manager
2026-07-06 16:51:40,940 WARN o.a.j.p.h.s.HTTPSamplerBase: Existing CookieManager HTTP Cookie Manager superseded by HTTP Cookie Manager
2026-07-06 16:51:41,134 WARN o.a.j.p.h.s.HTTPSamplerBase: Existing CookieManager HTTP Cookie Manager superseded by HTTP Cookie Manager
2026-07-06 16:51:41,182 WARN o.a.j.p.h.s.HTTPSamplerBase: Existing CookieManager HTTP Cookie Manager superseded by HTTP Cookie Manager
2026-07-06 16:51:41,756 WARN o.a.j.p.h.s.HTTPSamplerBase: Existing CookieManager HTTP Cookie Manager superseded by HTTP Cookie Manager
2026-07-06 16:51:41,768 WARN o.a.j.p.h.s.HTTPSamplerBase: Existing CookieManager HTTP Cookie Manager superseded by HTTP Cookie Manager
2026-07-06 16:51:42,086 WARN o.a.j.p.h.s.HTTPSamplerBase: Existing CookieManager HTTP Cookie Manager superseded by HTTP Cookie Manager
2026-07-06 16:51:42,237 WARN o.a.j.p.h.s.HTTPSamplerBase: Existing CookieManager HTTP Cookie Manager superseded by HTTP Cookie Manager
2026-07-06 16:51:42,314 WARN o.a.j.p.h.s.HTTPSamplerBase: Existing CookieManager HTTP Cookie Manager superseded by HTTP Cookie Manager
2026-07-06 16:51:42,402 WARN o.a.j.p.h.s.HTTPSamplerBase: Existing CookieManager HTTP Cookie Manager superseded by HTTP Cookie Manager
2026-07-06 16:51:42,841 WARN o.a.j.p.h.s.HTTPSamplerBase: Existing CookieManager HTTP Cookie Manager superseded by HTTP Cookie Manager
2026-07-06 16:51:42,842 WARN o.a.j.p.h.s.HTTPSamplerBase: Existing CookieManager HTTP Cookie Manager superseded by HTTP Cookie Manager
2026-07-06 16:51:43,250 WARN o.a.j.p.h.s.HTTPSamplerBase: Existing CookieManager HTTP Cookie Manager superseded by HTTP Cookie Manager
2026-07-06 16:51:43,381 WARN o.a.j.p.h.s.HTTPSamplerBase: Existing CookieManager HTTP Cookie Manager superseded by HTTP Cookie Manager
2026-07-06 16:51:43,425 WARN o.a.j.p.h.s.HTTPSamplerBase: Existing CookieManager HTTP Cookie Manager superseded by HTTP Cookie Manager
2026-07-06 16:51:43,674 WARN o.a.j.p.h.s.HTTPSamplerBase: Existing CookieManager HTTP Cookie Manager superseded by HTTP Cookie Manager
2026-07-06 16:51:43,775 WARN o.a.j.p.h.s.HTTPSamplerBase: Existing CookieManager HTTP Cookie Manager superseded by HTTP Cookie Manager
2026-07-06 16:51:44,255 WARN o.a.j.p.h.s.HTTPSamplerBase: Existing CookieManager HTTP Cookie Manager superseded by HTTP Cookie Manager
2026-07-06 16:51:44,282 WARN o.a.j.p.h.s.HTTPSamplerBase: Existing CookieManager HTTP Cookie Manager superseded by HTTP Cookie Manager
2026-07-06 16:51:44,408 WARN o.a.j.p.h.s.HTTPSamplerBase: Existing CookieManager HTTP Cookie Manager superseded by HTTP Cookie Manager
2026-07-06 16:51:44,841 WARN o.a.j.p.h.s.HTTPSamplerBase: Existing CookieManager HTTP Cookie Manager superseded by HTTP Cookie Manager
2026-07-06 16:51:44,863 WARN o.a.j.p.h.s.HTTPSamplerBase: Existing CookieManager HTTP Cookie Manager superseded by HTTP Cookie Manager
2026-07-06 16:51:45,000 WARN o.a.j.p.h.s.HTTPSamplerBase: Existing CookieManager HTTP Cookie Manager superseded by HTTP Cookie Manager
2026-07-06 16:51:45,405 WARN o.a.j.p.h.s.HTTPSamplerBase: Existing CookieManager HTTP Cookie Manager superseded by HTTP Cookie Manager
2026-07-06 16:51:45,532 WARN o.a.j.p.h.s.HTTPSamplerBase: Existing CookieManager HTTP Cookie Manager superseded by HTTP Cookie Manager
2026-07-06 16:51:45,604 WARN o.a.j.p.h.s.HTTPSamplerBase: Existing CookieManager HTTP Cookie Manager superseded by HTTP Cookie Manager
2026-07-06 16:51:45,970 WARN o.a.j.p.h.s.HTTPSamplerBase: Existing CookieManager HTTP Cookie Manager superseded by HTTP Cookie Manager
2026-07-06 16:51:46,127 WARN o.a.j.p.h.s.HTTPSamplerBase: Existing CookieManager HTTP Cookie Manager superseded by HTTP Cookie Manager
2026-07-06 16:51:46,261 WARN o.a.j.p.h.s.HTTPSamplerBase: Existing CookieManager HTTP Cookie Manager superseded by HTTP Cookie Manager
2026-07-06 16:51:46,571 WARN o.a.j.p.h.s.HTTPSamplerBase: Existing CookieManager HTTP Cookie Manager superseded by HTTP Cookie Manager
2026-07-06 16:51:46,667 WARN o.a.j.p.h.s.HTTPSamplerBase: Existing CookieManager HTTP Cookie Manager superseded by HTTP Cookie Manager
2026-07-06 16:51:46,743 WARN o.a.j.p.h.s.HTTPSamplerBase: Existing CookieManager HTTP Cookie Manager superseded by HTTP Cookie Manager
2026-07-06 16:51:47,178 WARN o.a.j.p.h.s.HTTPSamplerBase: Existing CookieManager HTTP Cookie Manager superseded by HTTP Cookie Manager
